Series-alias,Series-[federated.0mwhe0y1pr7czz1dk80sw1mc2kwj].[none:Calculation_1582170853711380484:nk]-alias,Series (label)-alias,Series (label)-[federated.0mwhe0y1pr7czz1dk80sw1mc2kwj].[none:Series (copy)_733805286280675329:nk]-alias,Type-alias,Type-[federated.0mwhe0y1pr7czz1dk80sw1mc2kwj].[none:type:nk]-alias,SUM(Pivot Field Values)-value,SUM(Pivot Field Values)-alias,MONTH(Service Month)-value,MONTH(Service Month)-alias,MONTH(Service Month)-[federated.0mwhe0y1pr7czz1dk80sw1mc2kwj].[tmn:ServiceMonth:qk]-value,MONTH(Service Month)-[federated.0mwhe0y1pr7czz1dk80sw1mc2kwj].[tmn:ServiceMonth:qk]-alias,ATTR(rolling_tooltip_text)-alias,ATTR(rolling 3 months average text)-alias,ATTR(rolling 3 months average text)-[federated.0mwhe0y1pr7czz1dk80sw1mc2kwj].[attr:Calculation_892838648462733318:nk]-alias,ATTR(Description)-alias,ATTR(Description)-[federated.0mwhe0y1pr7czz1dk80sw1mc2kwj].[attr:Description:nk]-alias,ATTR(Series tooltip)-alias,ATTR(Series tooltip)-[federated.0mwhe0y1pr7czz1dk80sw1mc2kwj].[attr:Series (copy)_147492889927708672:nk]-alias,ATTR(State1)-alias,ATTR(State1)-[federated.0mwhe0y1pr7czz1dk80sw1mc2kwj].[attr:State:nk]-alias,SUM(policy_event_ind)-alias
Aus,Aus,Aus,Aus,Total,Total,0.47724672,0.47724672,1984-02-01 00:00:00,February 1984,1991-12-01 00:00:00,December 1991, ,%null%,%null%,%null%,"On 1 December 1991, benefits for out-of-hospital GP attendances for non-card holders were reduced by $3.50. GPs could charge a copayment for bulk billed services of up to $2.50 to compensate for the benefit reduction. In addition, GPs were paid a $1 transaction fee to cover the cost of collecting the copayment. Examples of card holders were persons covered by a Health Care Card, Pensioner Health Benefits Card and Specific Treatment Entitlement Card. Copayments for bulk billing and the benefit reduction ceased from 1 March 1992.",In Aus,In Aus,Australia,Australia,2.000
Aus,Aus,Aus,Aus,Total,Total,0.4929129647,0.4929129647,1984-03-01 00:00:00,March 1984,1992-01-01 00:00:00,January 1992, ,%null%,%null%,%null%,"On 1 December 1991, benefits for out-of-hospital GP attendances for non-card holders were reduced by $3.50. GPs could charge a copayment for bulk billed services of up to $2.50 to compensate for the benefit reduction. In addition, GPs were paid a $1 transaction fee to cover the cost of collecting the copayment. Examples of card holders were persons covered by a Health Care Card, Pensioner Health Benefits Card and Specific Treatment Entitlement Card. Copayments for bulk billing and the benefit reduction ceased from 1 March 1992.",In Aus,In Aus,Australia,Australia,2.000
Aus,Aus,Aus,Aus,Total,Total,0.5032815114,0.5032815114,1984-04-01 00:00:00,April 1984,1992-02-01 00:00:00,February 1992, ,%null%,%null%,%null%,"On 1 December 1991, benefits for out-of-hospital GP attendances for non-card holders were reduced by $3.50. GPs could charge a copayment for bulk billed services of up to $2.50 to compensate for the benefit reduction. In addition, GPs were paid a $1 transaction fee to cover the cost of collecting the copayment. Examples of card holders were persons covered by a Health Care Card, Pensioner Health Benefits Card and Specific Treatment Entitlement Card. Copayments for bulk billing and the benefit reduction ceased from 1 March 1992.",In Aus,In Aus,Australia,Australia,2.000
Aus,Aus,Aus,Aus,Total,Total,0.5078435112,0.5078435112,1984-05-01 00:00:00,May 1984,2004-02-01 00:00:00,February 2004, ,%null%,%null%,%null%,"On 1 February 2004, the $4 billion Strengthening Medicare package in response to falling rates of bulk billing was introduced. Bulk billing incentives introduced for non-referred services involving children under 16 and concessional patients.",In Aus,In Aus,Australia,Australia,2.000
Aus,Aus,Aus,Aus,Total,Total,0.505431484,0.505431484,1984-06-01 00:00:00,June 1984,2004-05-01 00:00:00,May 2004, ,%null%,%null%,%null%,"On 1 May 2004, the introduction of additional bulk billing incentive item, 10991 to provide a higher incentive payment (compared to item 10990) for the bulk billing of children under 16 and concessional patients for attendances provided in regional, rural or remote areas, areas of health workforce shortage or the whole of Tasmania. Eligible areas have later been defined by Modified Monash areas.",In Aus,In Aus,Australia,Australia,2.000
Aus,Aus,Aus,Aus,Total,Total,0.4995916633,0.4995916633,1984-07-01 00:00:00,July 1984,2005-01-01 00:00:00,January 2005, ,%null%,%null%,%null%,"On 1 January 2005, rebates for non-hospital GP attendances increased to 100% of Schedule fee (not appliable to bulk billing incentive items). Also introduced was item 10992, which provided another incentive for the bulk billing of children under 16 and concessional patients receiving after-hours attendances provided in the areas defined under item 10991, in the specific case of the GP not being based in the eligible area, and therefore unable to claim item 10991.",In Aus,In Aus,Australia,Australia,2.000
Aus,Aus,Aus,Aus,Total,Total,0.5040527859,0.5040527859,1984-08-01 00:00:00,August 1984,2014-07-01 00:00:00,July 2014, ,%null%,%null%,%null%,"After 1 July 2014, a freeze on indexation to Schedule fees was introduced (known as the Medicare rebate freeze).",In Aus,In Aus,Australia,Australia,2.000
Aus,Aus,Aus,Aus,Total,Total,0.5143841473,0.5143841473,1984-09-01 00:00:00,September 1984,2017-07-01 00:00:00,July 2017, ,%null%,%null%,%null%,"From 1 July 2017, re-introduction of indexation of Schedule fees in a phased lifting approach commenced. However, indexation did not extend to all Medicare items.",In Aus,In Aus,Australia,Australia,2.000
Aus,Aus,Aus,Aus,Total,Total,0.5171264558,0.5171264558,1984-10-01 00:00:00,October 1984,2020-03-01 00:00:00,March 2020, ,%null%,%null%,%null%,"From 13 March 2020, new telehealth items were introduced to protect patients and doctors during the COVID-19 pandemic. There was a temporary doubling of Schedule fees for all bulk billing incentive items between 30 March and 30 September. This included 2 temporary GP and other medical practitioner bulk billing incentive items for patients who are vulnerable to COVID-19, introduced on 20 April and ended on 30 September.",In Aus,In Aus,Australia,Australia,2.000
Aus,Aus,Aus,Aus,Total,Total,0.5218392407,0.5218392407,1984-11-01 00:00:00,November 1984,2020-04-01 00:00:00,April 2020, ,%null%,%null%,%null%,"From 13 March 2020, new telehealth items were introduced to protect patients and doctors during the COVID-19 pandemic. There was a temporary doubling of Schedule fees for all bulk billing incentive items between 30 March and 30 September. This included 2 temporary GP and other medical practitioner bulk billing incentive items for patients who are vulnerable to COVID-19, introduced on 20 April and ended on 30 September.",In Aus,In Aus,Australia,Australia,2.000
Aus,Aus,Aus,Aus,Total,Total,0.5280240934,0.5280240934,1984-12-01 00:00:00,December 1984,2020-05-01 00:00:00,May 2020, ,%null%,%null%,%null%,"From 13 March 2020, new telehealth items were introduced to protect patients and doctors during the COVID-19 pandemic. There was a temporary doubling of Schedule fees for all bulk billing incentive items between 30 March and 30 September. This included 2 temporary GP and other medical practitioner bulk billing incentive items for patients who are vulnerable to COVID-19, introduced on 20 April and ended on 30 September.",In Aus,In Aus,Australia,Australia,2.000
Aus,Aus,Aus,Aus,Total,Total,0.5390508644,0.5390508644,1985-01-01 00:00:00,January 1985,2020-06-01 00:00:00,June 2020, ,%null%,%null%,%null%,"From 13 March 2020, new telehealth items were introduced to protect patients and doctors during the COVID-19 pandemic. There was a temporary doubling of Schedule fees for all bulk billing incentive items between 30 March and 30 September. This included 2 temporary GP and other medical practitioner bulk billing incentive items for patients who are vulnerable to COVID-19, introduced on 20 April and ended on 30 September.",In Aus,In Aus,Australia,Australia,2.000
Aus,Aus,Aus,Aus,Total,Total,0.5402292842,0.5402292842,1985-02-01 00:00:00,February 1985,2020-07-01 00:00:00,July 2020, ,%null%,%null%,%null%,"From 13 March 2020, new telehealth items were introduced to protect patients and doctors during the COVID-19 pandemic. There was a temporary doubling of Schedule fees for all bulk billing incentive items between 30 March and 30 September. This included 2 temporary GP and other medical practitioner bulk billing incentive items for patients who are vulnerable to COVID-19, introduced on 20 April and ended on 30 September.",In Aus,In Aus,Australia,Australia,2.000
Aus,Aus,Aus,Aus,Total,Total,0.5386272651,0.5386272651,1985-03-01 00:00:00,March 1985,2020-08-01 00:00:00,August 2020, ,%null%,%null%,%null%,"From 13 March 2020, new telehealth items were introduced to protect patients and doctors during the COVID-19 pandemic. There was a temporary doubling of Schedule fees for all bulk billing incentive items between 30 March and 30 September. This included 2 temporary GP and other medical practitioner bulk billing incentive items for patients who are vulnerable to COVID-19, introduced on 20 April and ended on 30 September.",In Aus,In Aus,Australia,Australia,2.000
Aus,Aus,Aus,Aus,Total,Total,0.5411319268,0.5411319268,1985-04-01 00:00:00,April 1985,2020-09-01 00:00:00,September 2020, ,%null%,%null%,%null%,"From 13 March 2020, new telehealth items were introduced to protect patients and doctors during the COVID-19 pandemic. There was a temporary doubling of Schedule fees for all bulk billing incentive items between 30 March and 30 September. This included 2 temporary GP and other medical practitioner bulk billing incentive items for patients who are vulnerable to COVID-19, introduced on 20 April and ended on 30 September.",In Aus,In Aus,Australia,Australia,2.000
Aus,Aus,Aus,Aus,Total,Total,0.5406798015,0.5406798015,1985-05-01 00:00:00,May 1985,2021-02-01 00:00:00,February 2021, ,%null%,%null%,%null%,"On 26 February 2021 GP attendance items were introduced for assessing a patient's suitability for a COVID-19 vaccine. It is a requirement that these items are bulk billed. In addition, bulk billing incentives are not payable for these items.",In Aus,In Aus,Australia,Australia,2.000
Aus,Aus,Aus,Aus,Total,Total,0.5371128676,0.5371128676,1985-06-01 00:00:00,June 1985,2023-11-01 00:00:00,November 2023, ,%null%,%null%,%null%,"On 1 November 2023, new bulk billing items with higher incentive payments were introduced for certain types of GP consultations outside of hospital, for children under 16 and concessional patients. These payments are triple the amount of existing standard bulk billing incentive payments. In addition, the standard bulk billing incentive payments continue to be available for the remaining types of GP consultations.",In Aus,In Aus,Australia,Australia,2.000
Aus,Aus,Aus,Aus,Total,Total,0.5318451809,0.5318451809,1985-07-01 00:00:00,July 1985,2025-07-01 00:00:00,July 2025, ,%null%,%null%,%null%,"On 1 July 2025, COVID-19 vaccine support items were removed from the MBS. These were items claimed by GPs to assess a patient's suitability for the COVID-19 vaccine, and were removed to bring the MBS treatment of COVID-19 vaccines in line with other vaccines. GPs will be able to use general attendance items when providing COVID-19 vaccine support services.",In Aus,In Aus,Australia,Australia,2.000
Aus,Aus,Aus,Aus,Total,Total,0.5352505483,0.5352505483,1985-08-01 00:00:00,August 1985,2025-11-01 00:00:00,November 2025, ,%null%,%null%,%null%,"On 1 November 2025, bulk billing incentives, previously only eligible for patients under 16 years of age or who were a Commonwealth concession cardholder, were expanded to all Medicare-eligible patients when bulk billed.",In Aus,In Aus,Australia,Australia,2.000
Aus,0,Aus,0,Total,0,0.5495970161,0.5495970161,1985-09-01 00:00:00,September 1985,0,0, ,%null%,0,%null%,0,In Aus,0,Australia,0,0
Aus,0,Aus,0,Total,0,0.5522181997,0.5522181997,1985-10-01 00:00:00,October 1985,0,0, ,%null%,0,%null%,0,In Aus,0,Australia,0,0
Aus,0,Aus,0,Total,0,0.5579786882,0.5579786882,1985-11-01 00:00:00,November 1985,0,0, ,%null%,0,%null%,0,In Aus,0,Australia,0,0
Aus,0,Aus,0,Total,0,0.5639988078,0.5639988078,1985-12-01 00:00:00,December 1985,0,0, ,%null%,0,%null%,0,In Aus,0,Australia,0,0
Aus,0,Aus,0,Total,0,0.5770705057,0.5770705057,1986-01-01 00:00:00,January 1986,0,0, ,%null%,0,%null%,0,In Aus,0,Australia,0,0
Aus,0,Aus,0,Total,0,0.5791246928,0.5791246928,1986-02-01 00:00:00,February 1986,0,0, ,%null%,0,%null%,0,In Aus,0,Australia,0,0
Aus,0,Aus,0,Total,0,0.5805792878,0.5805792878,1986-03-01 00:00:00,March 1986,0,0, ,%null%,0,%null%,0,In Aus,0,Australia,0,0
Aus,0,Aus,0,Total,0,0.581853642,0.581853642,1986-04-01 00:00:00,April 1986,0,0, ,%null%,0,%null%,0,In Aus,0,Australia,0,0
Aus,0,Aus,0,Total,0,0.5798630812,0.5798630812,1986-05-01 00:00:00,May 1986,0,0, ,%null%,0,%null%,0,In Aus,0,Australia,0,0
Aus,0,Aus,0,Total,0,0.5791596742,0.5791596742,1986-06-01 00:00:00,June 1986,0,0, ,%null%,0,%null%,0,In Aus,0,Australia,0,0
Aus,0,Aus,0,Total,0,0.576157358,0.576157358,1986-07-01 00:00:00,July 1986,0,0, ,%null%,0,%null%,0,In Aus,0,Australia,0,0
Aus,0,Aus,0,Total,0,0.5742288549,0.5742288549,1986-08-01 00:00:00,August 1986,0,0, ,%null%,0,%null%,0,In Aus,0,Australia,0,0
Aus,0,Aus,0,Total,0,0.583745142,0.583745142,1986-09-01 00:00:00,September 1986,0,0, ,%null%,0,%null%,0,In Aus,0,Australia,0,0
Aus,0,Aus,0,Total,0,0.5877316628,0.5877316628,1986-10-01 00:00:00,October 1986,0,0, ,%null%,0,%null%,0,In Aus,0,Australia,0,0
Aus,0,Aus,0,Total,0,0.591244804,0.591244804,1986-11-01 00:00:00,November 1986,0,0, ,%null%,0,%null%,0,In Aus,0,Australia,0,0
Aus,0,Aus,0,Total,0,0.5990049774,0.5990049774,1986-12-01 00:00:00,December 1986,0,0, ,%null%,0,%null%,0,In Aus,0,Australia,0,0
Aus,0,Aus,0,Total,0,0.6088309347,0.6088309347,1987-01-01 00:00:00,January 1987,0,0, ,%null%,0,%null%,0,In Aus,0,Australia,0,0
Aus,0,Aus,0,Total,0,0.6114862918,0.6114862918,1987-02-01 00:00:00,February 1987,0,0, ,%null%,0,%null%,0,In Aus,0,Australia,0,0
Aus,0,Aus,0,Total,0,0.61419963,0.61419963,1987-03-01 00:00:00,March 1987,0,0, ,%null%,0,%null%,0,In Aus,0,Australia,0,0
Aus,0,Aus,0,Total,0,0.6226381587,0.6226381587,1987-04-01 00:00:00,April 1987,0,0, ,%null%,0,%null%,0,In Aus,0,Australia,0,0
Aus,0,Aus,0,Total,0,0.6183176463,0.6183176463,1987-05-01 00:00:00,May 1987,0,0, ,%null%,0,%null%,0,In Aus,0,Australia,0,0
Aus,0,Aus,0,Total,0,0.6153995273,0.6153995273,1987-06-01 00:00:00,June 1987,0,0, ,%null%,0,%null%,0,In Aus,0,Australia,0,0
Aus,0,Aus,0,Total,0,0.6141631489,0.6141631489,1987-07-01 00:00:00,July 1987,0,0, ,%null%,0,%null%,0,In Aus,0,Australia,0,0
Aus,0,Aus,0,Total,0,0.5993793121,0.5993793121,1987-08-01 00:00:00,August 1987,0,0, ,%null%,0,%null%,0,In Aus,0,Australia,0,0
Aus,0,Aus,0,Total,0,0.608285818,0.608285818,1987-09-01 00:00:00,September 1987,0,0, ,%null%,0,%null%,0,In Aus,0,Australia,0,0
Aus,0,Aus,0,Total,0,0.6167530399,0.6167530399,1987-10-01 00:00:00,October 1987,0,0, ,%null%,0,%null%,0,In Aus,0,Australia,0,0
Aus,0,Aus,0,Total,0,0.6153618542,0.6153618542,1987-11-01 00:00:00,November 1987,0,0, ,%null%,0,%null%,0,In Aus,0,Australia,0,0
Aus,0,Aus,0,Total,0,0.6196454967,0.6196454967,1987-12-01 00:00:00,December 1987,0,0, ,%null%,0,%null%,0,In Aus,0,Australia,0,0
Aus,0,Aus,0,Total,0,0.6303731405,0.6303731405,1988-01-01 00:00:00,January 1988,0,0, ,%null%,0,%null%,0,In Aus,0,Australia,0,0
Aus,0,Aus,0,Total,0,0.6275476039,0.6275476039,1988-02-01 00:00:00,February 1988,0,0, ,%null%,0,%null%,0,In Aus,0,Australia,0,0
Aus,0,Aus,0,Total,0,0.6323134788,0.6323134788,1988-03-01 00:00:00,March 1988,0,0, ,%null%,0,%null%,0,In Aus,0,Australia,0,0
Aus,0,Aus,0,Total,0,0.6361637967,0.6361637967,1988-04-01 00:00:00,April 1988,0,0, ,%null%,0,%null%,0,In Aus,0,Australia,0,0
Aus,0,Aus,0,Total,0,0.6333800147,0.6333800147,1988-05-01 00:00:00,May 1988,0,0, ,%null%,0,%null%,0,In Aus,0,Australia,0,0
Aus,0,Aus,0,Total,0,0.6357221706,0.6357221706,1988-06-01 00:00:00,June 1988,0,0, ,%null%,0,%null%,0,In Aus,0,Australia,0,0
Aus,0,Aus,0,Total,0,0.6239353642,0.6239353642,1988-07-01 00:00:00,July 1988,0,0, ,%null%,0,%null%,0,In Aus,0,Australia,0,0
Aus,0,Aus,0,Total,0,0.6286098204,0.6286098204,1988-08-01 00:00:00,August 1988,0,0, ,%null%,0,%null%,0,In Aus,0,Australia,0,0
Aus,0,Aus,0,Total,0,0.6400534623,0.6400534623,1988-09-01 00:00:00,September 1988,0,0, ,%null%,0,%null%,0,In Aus,0,Australia,0,0
Aus,0,Aus,0,Total,0,0.6434618769,0.6434618769,1988-10-01 00:00:00,October 1988,0,0, ,%null%,0,%null%,0,In Aus,0,Australia,0,0
Aus,0,Aus,0,Total,0,0.6456463604,0.6456463604,1988-11-01 00:00:00,November 1988,0,0, ,%null%,0,%null%,0,In Aus,0,Australia,0,0
Aus,0,Aus,0,Total,0,0.648666114,0.648666114,1988-12-01 00:00:00,December 1988,0,0, ,%null%,0,%null%,0,In Aus,0,Australia,0,0
Aus,0,Aus,0,Total,0,0.6559878386,0.6559878386,1989-01-01 00:00:00,January 1989,0,0, ,%null%,0,%null%,0,In Aus,0,Australia,0,0
Aus,0,Aus,0,Total,0,0.6556443976,0.6556443976,1989-02-01 00:00:00,February 1989,0,0, ,%null%,0,%null%,0,In Aus,0,Australia,0,0
Aus,0,Aus,0,Total,0,0.6599630608,0.6599630608,1989-03-01 00:00:00,March 1989,0,0, ,%null%,0,%null%,0,In Aus,0,Australia,0,0
Aus,0,Aus,0,Total,0,0.662853588,0.662853588,1989-04-01 00:00:00,April 1989,0,0, ,%null%,0,%null%,0,In Aus,0,Australia,0,0
Aus,0,Aus,0,Total,0,0.6589724689,0.6589724689,1989-05-01 00:00:00,May 1989,0,0, ,%null%,0,%null%,0,In Aus,0,Australia,0,0
Aus,0,Aus,0,Total,0,0.6608471507,0.6608471507,1989-06-01 00:00:00,June 1989,0,0, ,%null%,0,%null%,0,In Aus,0,Australia,0,0
Aus,0,Aus,0,Total,0,0.6584484511,0.6584484511,1989-07-01 00:00:00,July 1989,0,0, ,%null%,0,%null%,0,In Aus,0,Australia,0,0
Aus,0,Aus,0,Total,0,0.6522787856,0.6522787856,1989-08-01 00:00:00,August 1989,0,0, ,%null%,0,%null%,0,In Aus,0,Australia,0,0
Aus,0,Aus,0,Total,0,0.6598589383,0.6598589383,1989-09-01 00:00:00,September 1989,0,0, ,%null%,0,%null%,0,In Aus,0,Australia,0,0
Aus,0,Aus,0,Total,0,0.6662252902,0.6662252902,1989-10-01 00:00:00,October 1989,0,0, ,%null%,0,%null%,0,In Aus,0,Australia,0,0
Aus,0,Aus,0,Total,0,0.666513122,0.666513122,1989-11-01 00:00:00,November 1989,0,0, ,%null%,0,%null%,0,In Aus,0,Australia,0,0
Aus,0,Aus,0,Total,0,0.6712964789,0.6712964789,1989-12-01 00:00:00,December 1989,0,0, ,%null%,0,%null%,0,In Aus,0,Australia,0,0
Aus,0,Aus,0,Total,0,0.6758204183,0.6758204183,1990-01-01 00:00:00,January 1990,0,0, ,%null%,0,%null%,0,In Aus,0,Australia,0,0
Aus,0,Aus,0,Total,0,0.6795983042,0.6795983042,1990-02-01 00:00:00,February 1990,0,0, ,%null%,0,%null%,0,In Aus,0,Australia,0,0
Aus,0,Aus,0,Total,0,0.6845691992,0.6845691992,1990-03-01 00:00:00,March 1990,0,0, ,%null%,0,%null%,0,In Aus,0,Australia,0,0
Aus,0,Aus,0,Total,0,0.6886097772,0.6886097772,1990-04-01 00:00:00,April 1990,0,0, ,%null%,0,%null%,0,In Aus,0,Australia,0,0
Aus,0,Aus,0,Total,0,0.6849321089,0.6849321089,1990-05-01 00:00:00,May 1990,0,0, ,%null%,0,%null%,0,In Aus,0,Australia,0,0
Aus,0,Aus,0,Total,0,0.686216897,0.686216897,1990-06-01 00:00:00,June 1990,0,0, ,%null%,0,%null%,0,In Aus,0,Australia,0,0
Aus,0,Aus,0,Total,0,0.6880267852,0.6880267852,1990-07-01 00:00:00,July 1990,0,0, ,%null%,0,%null%,0,In Aus,0,Australia,0,0
Aus,0,Aus,0,Total,0,0.6873905471,0.6873905471,1990-08-01 00:00:00,August 1990,0,0, ,%null%,0,%null%,0,In Aus,0,Australia,0,0
Aus,0,Aus,0,Total,0,0.693128343,0.693128343,1990-09-01 00:00:00,September 1990,0,0, ,%null%,0,%null%,0,In Aus,0,Australia,0,0
Aus,0,Aus,0,Total,0,0.7003070012,0.7003070012,1990-10-01 00:00:00,October 1990,0,0, ,%null%,0,%null%,0,In Aus,0,Australia,0,0
Aus,0,Aus,0,Total,0,0.6961639446,0.6961639446,1990-11-01 00:00:00,November 1990,0,0, ,%null%,0,%null%,0,In Aus,0,Australia,0,0
Aus,0,Aus,0,Total,0,0.7037379301,0.7037379301,1990-12-01 00:00:00,December 1990,0,0, ,%null%,0,%null%,0,In Aus,0,Australia,0,0
Aus,0,Aus,0,Total,0,0.7091835071,0.7091835071,1991-01-01 00:00:00,January 1991,0,0, ,%null%,0,%null%,0,In Aus,0,Australia,0,0
Aus,0,Aus,0,Total,0,0.7122470475,0.7122470475,1991-02-01 00:00:00,February 1991,0,0, ,%null%,0,%null%,0,In Aus,0,Australia,0,0
Aus,0,Aus,0,Total,0,0.7201233184,0.7201233184,1991-03-01 00:00:00,March 1991,0,0, ,%null%,0,%null%,0,In Aus,0,Australia,0,0
Aus,0,Aus,0,Total,0,0.722367918,0.722367918,1991-04-01 00:00:00,April 1991,0,0, ,%null%,0,%null%,0,In Aus,0,Australia,0,0
Aus,0,Aus,0,Total,0,0.7193362059,0.7193362059,1991-05-01 00:00:00,May 1991,0,0, ,%null%,0,%null%,0,In Aus,0,Australia,0,0
Aus,0,Aus,0,Total,0,0.724219503,0.724219503,1991-06-01 00:00:00,June 1991,0,0, ,%null%,0,%null%,0,In Aus,0,Australia,0,0
Aus,0,Aus,0,Total,0,0.7244779649,0.7244779649,1991-07-01 00:00:00,July 1991,0,0, ,%null%,0,%null%,0,In Aus,0,Australia,0,0
Aus,0,Aus,0,Total,0,0.7228370833,0.7228370833,1991-08-01 00:00:00,August 1991,0,0, ,%null%,0,%null%,0,In Aus,0,Australia,0,0
Aus,0,Aus,0,Total,0,0.7233533575,0.7233533575,1991-09-01 00:00:00,September 1991,0,0, ,%null%,0,%null%,0,In Aus,0,Australia,0,0
Aus,0,Aus,0,Total,0,0.7277396714,0.7277396714,1991-10-01 00:00:00,October 1991,0,0, ,%null%,0,%null%,0,In Aus,0,Australia,0,0
Aus,0,Aus,0,Total,0,0.7268974974,0.7268974974,1991-11-01 00:00:00,November 1991,0,0, ,%null%,0,%null%,0,In Aus,0,Australia,0,0
Aus,0,Aus,0,Total,0,0.6909458854,0.6909458854,1991-12-01 00:00:00,December 1991,0,0, ,%null%,0,"On 1 December 1991, benefits for out-of-hospital GP attendances for non-card holders were reduced by $3.50. GPs could charge a copayment for bulk billed services of up to $2.50 to compensate for the benefit reduction. In addition, GPs were paid a $1 transaction fee to cover the cost of collecting the copayment. Examples of card holders were persons covered by a Health Care Card, Pensioner Health Benefits Card and Specific Treatment Entitlement Card. Copayments for bulk billing and the benefit reduction ceased from 1 March 1992.",0,In Aus,0,Australia,0,0
Aus,0,Aus,0,Total,0,0.6975606984,0.6975606984,1992-01-01 00:00:00,January 1992,0,0, ,%null%,0,"On 1 December 1991, benefits for out-of-hospital GP attendances for non-card holders were reduced by $3.50. GPs could charge a copayment for bulk billed services of up to $2.50 to compensate for the benefit reduction. In addition, GPs were paid a $1 transaction fee to cover the cost of collecting the copayment. Examples of card holders were persons covered by a Health Care Card, Pensioner Health Benefits Card and Specific Treatment Entitlement Card. Copayments for bulk billing and the benefit reduction ceased from 1 March 1992.",0,In Aus,0,Australia,0,0
Aus,0,Aus,0,Total,0,0.7064462438,0.7064462438,1992-02-01 00:00:00,February 1992,0,0, ,%null%,0,"On 1 December 1991, benefits for out-of-hospital GP attendances for non-card holders were reduced by $3.50. GPs could charge a copayment for bulk billed services of up to $2.50 to compensate for the benefit reduction. In addition, GPs were paid a $1 transaction fee to cover the cost of collecting the copayment. Examples of card holders were persons covered by a Health Care Card, Pensioner Health Benefits Card and Specific Treatment Entitlement Card. Copayments for bulk billing and the benefit reduction ceased from 1 March 1992.",0,In Aus,0,Australia,0,0
Aus,0,Aus,0,Total,0,0.7257503271,0.7257503271,1992-03-01 00:00:00,March 1992,0,0, ,%null%,0,%null%,0,In Aus,0,Australia,0,0
Aus,0,Aus,0,Total,0,0.7324330873,0.7324330873,1992-04-01 00:00:00,April 1992,0,0, ,%null%,0,%null%,0,In Aus,0,Australia,0,0
Aus,0,Aus,0,Total,0,0.7296536226,0.7296536226,1992-05-01 00:00:00,May 1992,0,0, ,%null%,0,%null%,0,In Aus,0,Australia,0,0
Aus,0,Aus,0,Total,0,0.7270614227,0.7270614227,1992-06-01 00:00:00,June 1992,0,0, ,%null%,0,%null%,0,In Aus,0,Australia,0,0
Aus,0,Aus,0,Total,0,0.7296507241,0.7296507241,1992-07-01 00:00:00,July 1992,0,0, ,%null%,0,%null%,0,In Aus,0,Australia,0,0
Aus,0,Aus,0,Total,0,0.7306767297,0.7306767297,1992-08-01 00:00:00,August 1992,0,0, ,%null%,0,%null%,0,In Aus,0,Australia,0,0
Aus,0,Aus,0,Total,0,0.7346414517,0.7346414517,1992-09-01 00:00:00,September 1992,0,0, ,%null%,0,%null%,0,In Aus,0,Australia,0,0
Aus,0,Aus,0,Total,0,0.7381911456,0.7381911456,1992-10-01 00:00:00,October 1992,0,0, ,%null%,0,%null%,0,In Aus,0,Australia,0,0
Aus,0,Aus,0,Total,0,0.7408407717,0.7408407717,1992-11-01 00:00:00,November 1992,0,0, ,%null%,0,%null%,0,In Aus,0,Australia,0,0
Aus,0,Aus,0,Total,0,0.7441522529,0.7441522529,1992-12-01 00:00:00,December 1992,0,0, ,%null%,0,%null%,0,In Aus,0,Australia,0,0
Aus,0,Aus,0,Total,0,0.7442273006,0.7442273006,1993-01-01 00:00:00,January 1993,0,0, ,%null%,0,%null%,0,In Aus,0,Australia,0,0
Aus,0,Aus,0,Total,0,0.7472406499,0.7472406499,1993-02-01 00:00:00,February 1993,0,0, ,%null%,0,%null%,0,In Aus,0,Australia,0,0
Aus,0,Aus,0,Total,0,0.7539803035,0.7539803035,1993-03-01 00:00:00,March 1993,0,0, ,%null%,0,%null%,0,In Aus,0,Australia,0,0
Aus,0,Aus,0,Total,0,0.7592469322,0.7592469322,1993-04-01 00:00:00,April 1993,0,0, ,%null%,0,%null%,0,In Aus,0,Australia,0,0
Aus,0,Aus,0,Total,0,0.7574428234,0.7574428234,1993-05-01 00:00:00,May 1993,0,0, ,%null%,0,%null%,0,In Aus,0,Australia,0,0
Aus,0,Aus,0,Total,0,0.7577570903,0.7577570903,1993-06-01 00:00:00,June 1993,0,0, ,%null%,0,%null%,0,In Aus,0,Australia,0,0
Aus,0,Aus,0,Total,0,0.7585023653,0.7585023653,1993-07-01 00:00:00,July 1993,0,0, ,%null%,0,%null%,0,In Aus,0,Australia,0,0
Aus,0,Aus,0,Total,0,0.7591438204,0.7591438204,1993-08-01 00:00:00,August 1993,0,0, ,%null%,0,%null%,0,In Aus,0,Australia,0,0
Aus,0,Aus,0,Total,0,0.7625495104,0.7625495104,1993-09-01 00:00:00,September 1993,0,0, ,%null%,0,%null%,0,In Aus,0,Australia,0,0
Aus,0,Aus,0,Total,0,0.7683351279,0.7683351279,1993-10-01 00:00:00,October 1993,0,0, ,%null%,0,%null%,0,In Aus,0,Australia,0,0
Aus,0,Aus,0,Total,0,0.7669612739,0.7669612739,1993-11-01 00:00:00,November 1993,0,0, ,%null%,0,%null%,0,In Aus,0,Australia,0,0
Aus,0,Aus,0,Total,0,0.7700134057,0.7700134057,1993-12-01 00:00:00,December 1993,0,0, ,%null%,0,%null%,0,In Aus,0,Australia,0,0
Aus,0,Aus,0,Total,0,0.7730204242,0.7730204242,1994-01-01 00:00:00,January 1994,0,0, ,%null%,0,%null%,0,In Aus,0,Australia,0,0
Aus,0,Aus,0,Total,0,0.7740533369,0.7740533369,1994-02-01 00:00:00,February 1994,0,0, ,%null%,0,%null%,0,In Aus,0,Australia,0,0
Aus,0,Aus,0,Total,0,0.7798569314,0.7798569314,1994-03-01 00:00:00,March 1994,0,0, ,%null%,0,%null%,0,In Aus,0,Australia,0,0
Aus,0,Aus,0,Total,0,0.7829634819,0.7829634819,1994-04-01 00:00:00,April 1994,0,0, ,%null%,0,%null%,0,In Aus,0,Australia,0,0
Aus,0,Aus,0,Total,0,0.7774027542,0.7774027542,1994-05-01 00:00:00,May 1994,0,0, ,%null%,0,%null%,0,In Aus,0,Australia,0,0
Aus,0,Aus,0,Total,0,0.7773913064,0.7773913064,1994-06-01 00:00:00,June 1994,0,0, ,%null%,0,%null%,0,In Aus,0,Australia,0,0
Aus,0,Aus,0,Total,0,0.7798056644,0.7798056644,1994-07-01 00:00:00,July 1994,0,0, ,%null%,0,%null%,0,In Aus,0,Australia,0,0
Aus,0,Aus,0,Total,0,0.7762292503,0.7762292503,1994-08-01 00:00:00,August 1994,0,0, ,%null%,0,%null%,0,In Aus,0,Australia,0,0
Aus,0,Aus,0,Total,0,0.7794641038,0.7794641038,1994-09-01 00:00:00,September 1994,0,0, ,%null%,0,%null%,0,In Aus,0,Australia,0,0
Aus,0,Aus,0,Total,0,0.785276036,0.785276036,1994-10-01 00:00:00,October 1994,0,0, ,%null%,0,%null%,0,In Aus,0,Australia,0,0
Aus,0,Aus,0,Total,0,0.7846336198,0.7846336198,1994-11-01 00:00:00,November 1994,0,0, ,%null%,0,%null%,0,In Aus,0,Australia,0,0
Aus,0,Aus,0,Total,0,0.7856903127,0.7856903127,1994-12-01 00:00:00,December 1994,0,0, ,%null%,0,%null%,0,In Aus,0,Australia,0,0
Aus,0,Aus,0,Total,0,0.7887188141,0.7887188141,1995-01-01 00:00:00,January 1995,0,0, ,%null%,0,%null%,0,In Aus,0,Australia,0,0
Aus,0,Aus,0,Total,0,0.7906523587,0.7906523587,1995-02-01 00:00:00,February 1995,0,0, ,%null%,0,%null%,0,In Aus,0,Australia,0,0
Aus,0,Aus,0,Total,0,0.7956047291,0.7956047291,1995-03-01 00:00:00,March 1995,0,0, ,%null%,0,%null%,0,In Aus,0,Australia,0,0
Aus,0,Aus,0,Total,0,0.8000367355,0.8000367355,1995-04-01 00:00:00,April 1995,0,0, ,%null%,0,%null%,0,In Aus,0,Australia,0,0
Aus,0,Aus,0,Total,0,0.7939634472,0.7939634472,1995-05-01 00:00:00,May 1995,0,0, ,%null%,0,%null%,0,In Aus,0,Australia,0,0
Aus,0,Aus,0,Total,0,0.793332464,0.793332464,1995-06-01 00:00:00,June 1995,0,0, ,%null%,0,%null%,0,In Aus,0,Australia,0,0
Aus,0,Aus,0,Total,0,0.7971840114,0.7971840114,1995-07-01 00:00:00,July 1995,0,0, ,%null%,0,%null%,0,In Aus,0,Australia,0,0
Aus,0,Aus,0,Total,0,0.7919273301,0.7919273301,1995-08-01 00:00:00,August 1995,0,0, ,%null%,0,%null%,0,In Aus,0,Australia,0,0
Aus,0,Aus,0,Total,0,0.7943755985,0.7943755985,1995-09-01 00:00:00,September 1995,0,0, ,%null%,0,%null%,0,In Aus,0,Australia,0,0
Aus,0,Aus,0,Total,0,0.7996342329,0.7996342329,1995-10-01 00:00:00,October 1995,0,0, ,%null%,0,%null%,0,In Aus,0,Australia,0,0
Aus,0,Aus,0,Total,0,0.7986915583,0.7986915583,1995-11-01 00:00:00,November 1995,0,0, ,%null%,0,%null%,0,In Aus,0,Australia,0,0
Aus,0,Aus,0,Total,0,0.80161115,0.80161115,1995-12-01 00:00:00,December 1995,0,0, ,%null%,0,%null%,0,In Aus,0,Australia,0,0
Aus,0,Aus,0,Total,0,0.8018439457,0.8018439457,1996-01-01 00:00:00,January 1996,0,0, ,%null%,0,%null%,0,In Aus,0,Australia,0,0
Aus,0,Aus,0,Total,0,0.8040002857,0.8040002857,1996-02-01 00:00:00,February 1996,0,0, ,%null%,0,%null%,0,In Aus,0,Australia,0,0
Aus,0,Aus,0,Total,0,0.8102735555,0.8102735555,1996-03-01 00:00:00,March 1996,0,0, ,%null%,0,%null%,0,In Aus,0,Australia,0,0
Aus,0,Aus,0,Total,0,0.8107268325,0.8107268325,1996-04-01 00:00:00,April 1996,0,0, ,%null%,0,%null%,0,In Aus,0,Australia,0,0
Aus,0,Aus,0,Total,0,0.8038230137,0.8038230137,1996-05-01 00:00:00,May 1996,0,0, ,%null%,0,%null%,0,In Aus,0,Australia,0,0
Aus,0,Aus,0,Total,0,0.8068509985,0.8068509985,1996-06-01 00:00:00,June 1996,0,0, ,%null%,0,%null%,0,In Aus,0,Australia,0,0
Aus,0,Aus,0,Total,0,0.8020749473,0.8020749473,1996-07-01 00:00:00,July 1996,0,0, ,%null%,0,%null%,0,In Aus,0,Australia,0,0
Aus,0,Aus,0,Total,0,0.8026959869,0.8026959869,1996-08-01 00:00:00,August 1996,0,0, ,%null%,0,%null%,0,In Aus,0,Australia,0,0
Aus,0,Aus,0,Total,0,0.8051297982,0.8051297982,1996-09-01 00:00:00,September 1996,0,0, ,%null%,0,%null%,0,In Aus,0,Australia,0,0
Aus,0,Aus,0,Total,0,0.8071278108,0.8071278108,1996-10-01 00:00:00,October 1996,0,0, ,%null%,0,%null%,0,In Aus,0,Australia,0,0
Aus,0,Aus,0,Total,0,0.8051354323,0.8051354323,1996-11-01 00:00:00,November 1996,0,0, ,%null%,0,%null%,0,In Aus,0,Australia,0,0
Aus,0,Aus,0,Total,0,0.8053643944,0.8053643944,1996-12-01 00:00:00,December 1996,0,0, ,%null%,0,%null%,0,In Aus,0,Australia,0,0
Aus,0,Aus,0,Total,0,0.8041809828,0.8041809828,1997-01-01 00:00:00,January 1997,0,0, ,%null%,0,%null%,0,In Aus,0,Australia,0,0
Aus,0,Aus,0,Total,0,0.8043970358,0.8043970358,1997-02-01 00:00:00,February 1997,0,0, ,%null%,0,%null%,0,In Aus,0,Australia,0,0
Aus,0,Aus,0,Total,0,0.8113354908,0.8113354908,1997-03-01 00:00:00,March 1997,0,0, ,%null%,0,%null%,0,In Aus,0,Australia,0,0
Aus,0,Aus,0,Total,0,0.8081145129,0.8081145129,1997-04-01 00:00:00,April 1997,0,0, ,%null%,0,%null%,0,In Aus,0,Australia,0,0
Aus,0,Aus,0,Total,0,0.8052769158,0.8052769158,1997-05-01 00:00:00,May 1997,0,0, ,%null%,0,%null%,0,In Aus,0,Australia,0,0
Aus,0,Aus,0,Total,0,0.803839164,0.803839164,1997-06-01 00:00:00,June 1997,0,0, ,%null%,0,%null%,0,In Aus,0,Australia,0,0
Aus,0,Aus,0,Total,0,0.8000024847,0.8000024847,1997-07-01 00:00:00,July 1997,0,0, ,%null%,0,%null%,0,In Aus,0,Australia,0,0
Aus,0,Aus,0,Total,0,0.7973352631,0.7973352631,1997-08-01 00:00:00,August 1997,0,0, ,%null%,0,%null%,0,In Aus,0,Australia,0,0
Aus,0,Aus,0,Total,0,0.7974692584,0.7974692584,1997-09-01 00:00:00,September 1997,0,0, ,%null%,0,%null%,0,In Aus,0,Australia,0,0
Aus,0,Aus,0,Total,0,0.7997710102,0.7997710102,1997-10-01 00:00:00,October 1997,0,0, ,%null%,0,%null%,0,In Aus,0,Australia,0,0
Aus,0,Aus,0,Total,0,0.7976297078,0.7976297078,1997-11-01 00:00:00,November 1997,0,0, ,%null%,0,%null%,0,In Aus,0,Australia,0,0
Aus,0,Aus,0,Total,0,0.7958549632,0.7958549632,1997-12-01 00:00:00,December 1997,0,0, ,%null%,0,%null%,0,In Aus,0,Australia,0,0
Aus,0,Aus,0,Total,0,0.7956664573,0.7956664573,1998-01-01 00:00:00,January 1998,0,0, ,%null%,0,%null%,0,In Aus,0,Australia,0,0
Aus,0,Aus,0,Total,0,0.7963757615,0.7963757615,1998-02-01 00:00:00,February 1998,0,0, ,%null%,0,%null%,0,In Aus,0,Australia,0,0
Aus,0,Aus,0,Total,0,0.7995874466,0.7995874466,1998-03-01 00:00:00,March 1998,0,0, ,%null%,0,%null%,0,In Aus,0,Australia,0,0
Aus,0,Aus,0,Total,0,0.7993770432,0.7993770432,1998-04-01 00:00:00,April 1998,0,0, ,%null%,0,%null%,0,In Aus,0,Australia,0,0
Aus,0,Aus,0,Total,0,0.7965047639,0.7965047639,1998-05-01 00:00:00,May 1998,0,0, ,%null%,0,%null%,0,In Aus,0,Australia,0,0
Aus,0,Aus,0,Total,0,0.7949183079,0.7949183079,1998-06-01 00:00:00,June 1998,0,0, ,%null%,0,%null%,0,In Aus,0,Australia,0,0
Aus,0,Aus,0,Total,0,0.7908828454,0.7908828454,1998-07-01 00:00:00,July 1998,0,0, ,%null%,0,%null%,0,In Aus,0,Australia,0,0
Aus,0,Aus,0,Total,0,0.7899554203,0.7899554203,1998-08-01 00:00:00,August 1998,0,0, ,%null%,0,%null%,0,In Aus,0,Australia,0,0
Aus,0,Aus,0,Total,0,0.7931634854,0.7931634854,1998-09-01 00:00:00,September 1998,0,0, ,%null%,0,%null%,0,In Aus,0,Australia,0,0
Aus,0,Aus,0,Total,0,0.7941362676,0.7941362676,1998-10-01 00:00:00,October 1998,0,0, ,%null%,0,%null%,0,In Aus,0,Australia,0,0
Aus,0,Aus,0,Total,0,0.7936009952,0.7936009952,1998-11-01 00:00:00,November 1998,0,0, ,%null%,0,%null%,0,In Aus,0,Australia,0,0
Aus,0,Aus,0,Total,0,0.7931054044,0.7931054044,1998-12-01 00:00:00,December 1998,0,0, ,%null%,0,%null%,0,In Aus,0,Australia,0,0
Aus,0,Aus,0,Total,0,0.794563111,0.794563111,1999-01-01 00:00:00,January 1999,0,0, ,%null%,0,%null%,0,In Aus,0,Australia,0,0
Aus,0,Aus,0,Total,0,0.7939104265,0.7939104265,1999-02-01 00:00:00,February 1999,0,0, ,%null%,0,%null%,0,In Aus,0,Australia,0,0
Aus,0,Aus,0,Total,0,0.8002422185,0.8002422185,1999-03-01 00:00:00,March 1999,0,0, ,%null%,0,%null%,0,In Aus,0,Australia,0,0
Aus,0,Aus,0,Total,0,0.7970020514,0.7970020514,1999-04-01 00:00:00,April 1999,0,0, ,%null%,0,%null%,0,In Aus,0,Australia,0,0
Aus,0,Aus,0,Total,0,0.7946721821,0.7946721821,1999-05-01 00:00:00,May 1999,0,0, ,%null%,0,%null%,0,In Aus,0,Australia,0,0
Aus,0,Aus,0,Total,0,0.7943757061,0.7943757061,1999-06-01 00:00:00,June 1999,0,0, ,%null%,0,%null%,0,In Aus,0,Australia,0,0
Aus,0,Aus,0,Total,0,0.7906949358,0.7906949358,1999-07-01 00:00:00,July 1999,0,0, ,%null%,0,%null%,0,In Aus,0,Australia,0,0
Aus,0,Aus,0,Total,0,0.787680516,0.787680516,1999-08-01 00:00:00,August 1999,0,0, ,%null%,0,%null%,0,In Aus,0,Australia,0,0
Aus,0,Aus,0,Total,0,0.7889270768,0.7889270768,1999-09-01 00:00:00,September 1999,0,0, ,%null%,0,%null%,0,In Aus,0,Australia,0,0
Aus,0,Aus,0,Total,0,0.7911188227,0.7911188227,1999-10-01 00:00:00,October 1999,0,0, ,%null%,0,%null%,0,In Aus,0,Australia,0,0
Aus,0,Aus,0,Total,0,0.7891537431,0.7891537431,1999-11-01 00:00:00,November 1999,0,0, ,%null%,0,%null%,0,In Aus,0,Australia,0,0
Aus,0,Aus,0,Total,0,0.7884222067,0.7884222067,1999-12-01 00:00:00,December 1999,0,0, ,%null%,0,%null%,0,In Aus,0,Australia,0,0
Aus,0,Aus,0,Total,0,0.78958632,0.78958632,2000-01-01 00:00:00,January 2000,0,0, ,%null%,0,%null%,0,In Aus,0,Australia,0,0
Aus,0,Aus,0,Total,0,0.7896246525,0.7896246525,2000-02-01 00:00:00,February 2000,0,0, ,%null%,0,%null%,0,In Aus,0,Australia,0,0
Aus,0,Aus,0,Total,0,0.7929882481,0.7929882481,2000-03-01 00:00:00,March 2000,0,0, ,%null%,0,%null%,0,In Aus,0,Australia,0,0
Aus,0,Aus,0,Total,0,0.7924531342,0.7924531342,2000-04-01 00:00:00,April 2000,0,0, ,%null%,0,%null%,0,In Aus,0,Australia,0,0
Aus,0,Aus,0,Total,0,0.7874144904,0.7874144904,2000-05-01 00:00:00,May 2000,0,0, ,%null%,0,%null%,0,In Aus,0,Australia,0,0
Aus,0,Aus,0,Total,0,0.7881060899,0.7881060899,2000-06-01 00:00:00,June 2000,0,0, ,%null%,0,%null%,0,In Aus,0,Australia,0,0
Aus,0,Aus,0,Total,0,0.7834786999,0.7834786999,2000-07-01 00:00:00,July 2000,0,0, ,%null%,0,%null%,0,In Aus,0,Australia,0,0
Aus,0,Aus,0,Total,0,0.7793925775,0.7793925775,2000-08-01 00:00:00,August 2000,0,0, ,%null%,0,%null%,0,In Aus,0,Australia,0,0
Aus,0,Aus,0,Total,0,0.7768503717,0.7768503717,2000-09-01 00:00:00,September 2000,0,0, ,%null%,0,%null%,0,In Aus,0,Australia,0,0
Aus,0,Aus,0,Total,0,0.7792895277,0.7792895277,2000-10-01 00:00:00,October 2000,0,0, ,%null%,0,%null%,0,In Aus,0,Australia,0,0
Aus,0,Aus,0,Total,0,0.7775540138,0.7775540138,2000-11-01 00:00:00,November 2000,0,0, ,%null%,0,%null%,0,In Aus,0,Australia,0,0
Aus,0,Aus,0,Total,0,0.7754380277,0.7754380277,2000-12-01 00:00:00,December 2000,0,0, ,%null%,0,%null%,0,In Aus,0,Australia,0,0
Aus,0,Aus,0,Total,0,0.771432271,0.771432271,2001-01-01 00:00:00,January 2001,0,0, ,%null%,0,%null%,0,In Aus,0,Australia,0,0
Aus,0,Aus,0,Total,0,0.7732855012,0.7732855012,2001-02-01 00:00:00,February 2001,0,0, ,%null%,0,%null%,0,In Aus,0,Australia,0,0
Aus,0,Aus,0,Total,0,0.778686047,0.778686047,2001-03-01 00:00:00,March 2001,0,0, ,%null%,0,%null%,0,In Aus,0,Australia,0,0
Aus,0,Aus,0,Total,0,0.7733746999,0.7733746999,2001-04-01 00:00:00,April 2001,0,0, ,%null%,0,%null%,0,In Aus,0,Australia,0,0
Aus,0,Aus,0,Total,0,0.7690978834,0.7690978834,2001-05-01 00:00:00,May 2001,0,0, ,%null%,0,%null%,0,In Aus,0,Australia,0,0
Aus,0,Aus,0,Total,0,0.7673037136,0.7673037136,2001-06-01 00:00:00,June 2001,0,0, ,%null%,0,%null%,0,In Aus,0,Australia,0,0
Aus,0,Aus,0,Total,0,0.7602960448,0.7602960448,2001-07-01 00:00:00,July 2001,0,0, ,%null%,0,%null%,0,In Aus,0,Australia,0,0
Aus,0,Aus,0,Total,0,0.7528096035,0.7528096035,2001-08-01 00:00:00,August 2001,0,0, ,%null%,0,%null%,0,In Aus,0,Australia,0,0
Aus,0,Aus,0,Total,0,0.7528921502,0.7528921502,2001-09-01 00:00:00,September 2001,0,0, ,%null%,0,%null%,0,In Aus,0,Australia,0,0
Aus,0,Aus,0,Total,0,0.7535881545,0.7535881545,2001-10-01 00:00:00,October 2001,0,0, ,%null%,0,%null%,0,In Aus,0,Australia,0,0
Aus,0,Aus,0,Total,0,0.7493060026,0.7493060026,2001-11-01 00:00:00,November 2001,0,0, ,%null%,0,%null%,0,In Aus,0,Australia,0,0
Aus,0,Aus,0,Total,0,0.7461775265,0.7461775265,2001-12-01 00:00:00,December 2001,0,0, ,%null%,0,%null%,0,In Aus,0,Australia,0,0
Aus,0,Aus,0,Total,0,0.7453903293,0.7453903293,2002-01-01 00:00:00,January 2002,0,0, ,%null%,0,%null%,0,In Aus,0,Australia,0,0
Aus,0,Aus,0,Total,0,0.7427864186,0.7427864186,2002-02-01 00:00:00,February 2002,0,0, ,%null%,0,%null%,0,In Aus,0,Australia,0,0
Aus,0,Aus,0,Total,0,0.7484619968,0.7484619968,2002-03-01 00:00:00,March 2002,0,0, ,%null%,0,%null%,0,In Aus,0,Australia,0,0
Aus,0,Aus,0,Total,0,0.7456879678,0.7456879678,2002-04-01 00:00:00,April 2002,0,0, ,%null%,0,%null%,0,In Aus,0,Australia,0,0
Aus,0,Aus,0,Total,0,0.7376348812,0.7376348812,2002-05-01 00:00:00,May 2002,0,0, ,%null%,0,%null%,0,In Aus,0,Australia,0,0
Aus,0,Aus,0,Total,0,0.7313231431,0.7313231431,2002-06-01 00:00:00,June 2002,0,0, ,%null%,0,%null%,0,In Aus,0,Australia,0,0
Aus,0,Aus,0,Total,0,0.711236416,0.711236416,2002-07-01 00:00:00,July 2002,0,0, ,%null%,0,%null%,0,In Aus,0,Australia,0,0
Aus,0,Aus,0,Total,0,0.702716557,0.702716557,2002-08-01 00:00:00,August 2002,0,0, ,%null%,0,%null%,0,In Aus,0,Australia,0,0
Aus,0,Aus,0,Total,0,0.7000111258,0.7000111258,2002-09-01 00:00:00,September 2002,0,0, ,%null%,0,%null%,0,In Aus,0,Australia,0,0
Aus,0,Aus,0,Total,0,0.6996337473,0.6996337473,2002-10-01 00:00:00,October 2002,0,0, ,%null%,0,%null%,0,In Aus,0,Australia,0,0
Aus,0,Aus,0,Total,0,0.692538396,0.692538396,2002-11-01 00:00:00,November 2002,0,0, ,%null%,0,%null%,0,In Aus,0,Australia,0,0
Aus,0,Aus,0,Total,0,0.6874703678,0.6874703678,2002-12-01 00:00:00,December 2002,0,0, ,%null%,0,%null%,0,In Aus,0,Australia,0,0
Aus,0,Aus,0,Total,0,0.6853779006,0.6853779006,2003-01-01 00:00:00,January 2003,0,0, ,%null%,0,%null%,0,In Aus,0,Australia,0,0
Aus,0,Aus,0,Total,0,0.6847090978,0.6847090978,2003-02-01 00:00:00,February 2003,0,0, ,%null%,0,%null%,0,In Aus,0,Australia,0,0
Aus,0,Aus,0,Total,0,0.6942958748,0.6942958748,2003-03-01 00:00:00,March 2003,0,0, ,%null%,0,%null%,0,In Aus,0,Australia,0,0
Aus,0,Aus,0,Total,0,0.6908238671,0.6908238671,2003-04-01 00:00:00,April 2003,0,0, ,%null%,0,%null%,0,In Aus,0,Australia,0,0
Aus,0,Aus,0,Total,0,0.6834166402,0.6834166402,2003-05-01 00:00:00,May 2003,0,0, ,%null%,0,%null%,0,In Aus,0,Australia,0,0
Aus,0,Aus,0,Total,0,0.680360857,0.680360857,2003-06-01 00:00:00,June 2003,0,0, ,%null%,0,%null%,0,In Aus,0,Australia,0,0
Aus,0,Aus,0,Total,0,0.6738872831,0.6738872831,2003-07-01 00:00:00,July 2003,0,0, ,%null%,0,%null%,0,In Aus,0,Australia,0,0
Aus,0,Aus,0,Total,0,0.6669432494,0.6669432494,2003-08-01 00:00:00,August 2003,0,0, ,%null%,0,%null%,0,In Aus,0,Australia,0,0
Aus,0,Aus,0,Total,0,0.6642594062,0.6642594062,2003-09-01 00:00:00,September 2003,0,0, ,%null%,0,%null%,0,In Aus,0,Australia,0,0
Aus,0,Aus,0,Total,0,0.6663383651,0.6663383651,2003-10-01 00:00:00,October 2003,0,0, ,%null%,0,%null%,0,In Aus,0,Australia,0,0
Aus,0,Aus,0,Total,0,0.6661553237,0.6661553237,2003-11-01 00:00:00,November 2003,0,0, ,%null%,0,%null%,0,In Aus,0,Australia,0,0
Aus,0,Aus,0,Total,0,0.6641192288,0.6641192288,2003-12-01 00:00:00,December 2003,0,0, ,%null%,0,%null%,0,In Aus,0,Australia,0,0
Aus,0,Aus,0,Total,0,0.6639722248,0.6639722248,2004-01-01 00:00:00,January 2004,0,0, ,%null%,0,%null%,0,In Aus,0,Australia,0,0
Aus,0,Aus,0,Total,0,0.6897426374,0.6897426374,2004-02-01 00:00:00,February 2004,0,0, ,%null%,0,"On 1 February 2004, the $4 billion Strengthening Medicare package in response to falling rates of bulk billing was introduced. Bulk billing incentives introduced for non-referred services involving children under 16 and concessional patients.",0,In Aus,0,Australia,0,0
Aus,0,Aus,0,Total,0,0.7096139321,0.7096139321,2004-03-01 00:00:00,March 2004,0,0, ,%null%,0,%null%,0,In Aus,0,Australia,0,0
Aus,0,Aus,0,Total,0,0.7062648982,0.7062648982,2004-04-01 00:00:00,April 2004,0,0, ,%null%,0,%null%,0,In Aus,0,Australia,0,0
Aus,0,Aus,0,Total,0,0.7120435859,0.7120435859,2004-05-01 00:00:00,May 2004,0,0, ,%null%,0,"On 1 May 2004, the introduction of additional bulk billing incentive item, 10991 to provide a higher incentive payment (compared to item 10990) for the bulk billing of children under 16 and concessional patients for attendances provided in regional, rural or remote areas, areas of health workforce shortage or the whole of Tasmania. Eligible areas have later been defined by Modified Monash areas.",0,In Aus,0,Australia,0,0
Aus,0,Aus,0,Total,0,0.7140031871,0.7140031871,2004-06-01 00:00:00,June 2004,0,0, ,%null%,0,%null%,0,In Aus,0,Australia,0,0
Aus,0,Aus,0,Total,0,0.7131708978,0.7131708978,2004-07-01 00:00:00,July 2004,0,0, ,%null%,0,%null%,0,In Aus,0,Australia,0,0
Aus,0,Aus,0,Total,0,0.7138097744,0.7138097744,2004-08-01 00:00:00,August 2004,0,0, ,%null%,0,%null%,0,In Aus,0,Australia,0,0
Aus,0,Aus,0,Total,0,0.7178304217,0.7178304217,2004-09-01 00:00:00,September 2004,0,0, ,%null%,0,%null%,0,In Aus,0,Australia,0,0
Aus,0,Aus,0,Total,0,0.7183477344,0.7183477344,2004-10-01 00:00:00,October 2004,0,0, ,%null%,0,%null%,0,In Aus,0,Australia,0,0
Aus,0,Aus,0,Total,0,0.7204198336,0.7204198336,2004-11-01 00:00:00,November 2004,0,0, ,%null%,0,%null%,0,In Aus,0,Australia,0,0
Aus,0,Aus,0,Total,0,0.7226594073,0.7226594073,2004-12-01 00:00:00,December 2004,0,0, ,%null%,0,%null%,0,In Aus,0,Australia,0,0
Aus,0,Aus,0,Total,0,0.7331439566,0.7331439566,2005-01-01 00:00:00,January 2005,0,0, ,%null%,0,"On 1 January 2005, rebates for non-hospital GP attendances increased to 100% of Schedule fee (not appliable to bulk billing incentive items). Also introduced was item 10992, which provided another incentive for the bulk billing of children under 16 and concessional patients receiving after-hours attendances provided in the areas defined under item 10991, in the specific case of the GP not being based in the eligible area, and therefore unable to claim item 10991.",0,In Aus,0,Australia,0,0
Aus,0,Aus,0,Total,0,0.7385080267,0.7385080267,2005-02-01 00:00:00,February 2005,0,0, ,%null%,0,%null%,0,In Aus,0,Australia,0,0
Aus,0,Aus,0,Total,0,0.7529866445,0.7529866445,2005-03-01 00:00:00,March 2005,0,0, ,%null%,0,%null%,0,In Aus,0,Australia,0,0
Aus,0,Aus,0,Total,0,0.7525334249,0.7525334249,2005-04-01 00:00:00,April 2005,0,0, ,%null%,0,%null%,0,In Aus,0,Australia,0,0
Aus,0,Aus,0,Total,0,0.7499275798,0.7499275798,2005-05-01 00:00:00,May 2005,0,0, ,%null%,0,%null%,0,In Aus,0,Australia,0,0
Aus,0,Aus,0,Total,0,0.7462827321,0.7462827321,2005-06-01 00:00:00,June 2005,0,0, ,%null%,0,%null%,0,In Aus,0,Australia,0,0
Aus,0,Aus,0,Total,0,0.7444474229,0.7444474229,2005-07-01 00:00:00,July 2005,0,0, ,%null%,0,%null%,0,In Aus,0,Australia,0,0
Aus,0,Aus,0,Total,0,0.7453940029,0.7453940029,2005-08-01 00:00:00,August 2005,0,0, ,%null%,0,%null%,0,In Aus,0,Australia,0,0
Aus,0,Aus,0,Total,0,0.7497978926,0.7497978926,2005-09-01 00:00:00,September 2005,0,0, ,%null%,0,%null%,0,In Aus,0,Australia,0,0
Aus,0,Aus,0,Total,0,0.7486972201,0.7486972201,2005-10-01 00:00:00,October 2005,0,0, ,%null%,0,%null%,0,In Aus,0,Australia,0,0
Aus,0,Aus,0,Total,0,0.7528543583,0.7528543583,2005-11-01 00:00:00,November 2005,0,0, ,%null%,0,%null%,0,In Aus,0,Australia,0,0
Aus,0,Aus,0,Total,0,0.7534397684,0.7534397684,2005-12-01 00:00:00,December 2005,0,0, ,%null%,0,%null%,0,In Aus,0,Australia,0,0
Aus,0,Aus,0,Total,0,0.7509499546,0.7509499546,2006-01-01 00:00:00,January 2006,0,0, ,%null%,0,%null%,0,In Aus,0,Australia,0,0
Aus,0,Aus,0,Total,0,0.7569920426,0.7569920426,2006-02-01 00:00:00,February 2006,0,0, ,%null%,0,%null%,0,In Aus,0,Australia,0,0
Aus,0,Aus,0,Total,0,0.7695541414,0.7695541414,2006-03-01 00:00:00,March 2006,0,0, ,%null%,0,%null%,0,In Aus,0,Australia,0,0
Aus,0,Aus,0,Total,0,0.7702115792,0.7702115792,2006-04-01 00:00:00,April 2006,0,0, ,%null%,0,%null%,0,In Aus,0,Australia,0,0
Aus,0,Aus,0,Total,0,0.7645388029,0.7645388029,2006-05-01 00:00:00,May 2006,0,0, ,%null%,0,%null%,0,In Aus,0,Australia,0,0
Aus,0,Aus,0,Total,0,0.7664152033,0.7664152033,2006-06-01 00:00:00,June 2006,0,0, ,%null%,0,%null%,0,In Aus,0,Australia,0,0
Aus,0,Aus,0,Total,0,0.764121631,0.764121631,2006-07-01 00:00:00,July 2006,0,0, ,%null%,0,%null%,0,In Aus,0,Australia,0,0
Aus,0,Aus,0,Total,0,0.7650076949,0.7650076949,2006-08-01 00:00:00,August 2006,0,0, ,%null%,0,%null%,0,In Aus,0,Australia,0,0
Aus,0,Aus,0,Total,0,0.7684444045,0.7684444045,2006-09-01 00:00:00,September 2006,0,0, ,%null%,0,%null%,0,In Aus,0,Australia,0,0
Aus,0,Aus,0,Total,0,0.7679082978,0.7679082978,2006-10-01 00:00:00,October 2006,0,0, ,%null%,0,%null%,0,In Aus,0,Australia,0,0
Aus,0,Aus,0,Total,0,0.7709868873,0.7709868873,2006-11-01 00:00:00,November 2006,0,0, ,%null%,0,%null%,0,In Aus,0,Australia,0,0
Aus,0,Aus,0,Total,0,0.772320343,0.772320343,2006-12-01 00:00:00,December 2006,0,0, ,%null%,0,%null%,0,In Aus,0,Australia,0,0
Aus,0,Aus,0,Total,0,0.7703057265,0.7703057265,2007-01-01 00:00:00,January 2007,0,0, ,%null%,0,%null%,0,In Aus,0,Australia,0,0
Aus,0,Aus,0,Total,0,0.7744582142,0.7744582142,2007-02-01 00:00:00,February 2007,0,0, ,%null%,0,%null%,0,In Aus,0,Australia,0,0
Aus,0,Aus,0,Total,0,0.7860167981,0.7860167981,2007-03-01 00:00:00,March 2007,0,0, ,%null%,0,%null%,0,In Aus,0,Australia,0,0
Aus,0,Aus,0,Total,0,0.784343556,0.784343556,2007-04-01 00:00:00,April 2007,0,0, ,%null%,0,%null%,0,In Aus,0,Australia,0,0
Aus,0,Aus,0,Total,0,0.7805852359,0.7805852359,2007-05-01 00:00:00,May 2007,0,0, ,%null%,0,%null%,0,In Aus,0,Australia,0,0
Aus,0,Aus,0,Total,0,0.7812662988,0.7812662988,2007-06-01 00:00:00,June 2007,0,0, ,%null%,0,%null%,0,In Aus,0,Australia,0,0
Aus,0,Aus,0,Total,0,0.7785787885,0.7785787885,2007-07-01 00:00:00,July 2007,0,0, ,%null%,0,%null%,0,In Aus,0,Australia,0,0
Aus,0,Aus,0,Total,0,0.7768802424,0.7768802424,2007-08-01 00:00:00,August 2007,0,0, ,%null%,0,%null%,0,In Aus,0,Australia,0,0
Aus,0,Aus,0,Total,0,0.7790080722,0.7790080722,2007-09-01 00:00:00,September 2007,0,0, ,%null%,0,%null%,0,In Aus,0,Australia,0,0
Aus,0,Aus,0,Total,0,0.7799152677,0.7799152677,2007-10-01 00:00:00,October 2007,0,0, ,%null%,0,%null%,0,In Aus,0,Australia,0,0
Aus,0,Aus,0,Total,0,0.7822996231,0.7822996231,2007-11-01 00:00:00,November 2007,0,0, ,%null%,0,%null%,0,In Aus,0,Australia,0,0
Aus,0,Aus,0,Total,0,0.7826541348,0.7826541348,2007-12-01 00:00:00,December 2007,0,0, ,%null%,0,%null%,0,In Aus,0,Australia,0,0
Aus,0,Aus,0,Total,0,0.7816969252,0.7816969252,2008-01-01 00:00:00,January 2008,0,0, ,%null%,0,%null%,0,In Aus,0,Australia,0,0
Aus,0,Aus,0,Total,0,0.7857054401,0.7857054401,2008-02-01 00:00:00,February 2008,0,0, ,%null%,0,%null%,0,In Aus,0,Australia,0,0
Aus,0,Aus,0,Total,0,0.7949548973,0.7949548973,2008-03-01 00:00:00,March 2008,0,0, ,%null%,0,%null%,0,In Aus,0,Australia,0,0
Aus,0,Aus,0,Total,0,0.7940210667,0.7940210667,2008-04-01 00:00:00,April 2008,0,0, ,%null%,0,%null%,0,In Aus,0,Australia,0,0
Aus,0,Aus,0,Total,0,0.789622795,0.789622795,2008-05-01 00:00:00,May 2008,0,0, ,%null%,0,%null%,0,In Aus,0,Australia,0,0
Aus,0,Aus,0,Total,0,0.7889390851,0.7889390851,2008-06-01 00:00:00,June 2008,0,0, ,%null%,0,%null%,0,In Aus,0,Australia,0,0
Aus,0,Aus,0,Total,0,0.7874540517,0.7874540517,2008-07-01 00:00:00,July 2008,0,0, ,%null%,0,%null%,0,In Aus,0,Australia,0,0
Aus,0,Aus,0,Total,0,0.786156693,0.786156693,2008-08-01 00:00:00,August 2008,0,0, ,%null%,0,%null%,0,In Aus,0,Australia,0,0
Aus,0,Aus,0,Total,0,0.784954255,0.784954255,2008-09-01 00:00:00,September 2008,0,0, ,%null%,0,%null%,0,In Aus,0,Australia,0,0
Aus,0,Aus,0,Total,0,0.7888862328,0.7888862328,2008-10-01 00:00:00,October 2008,0,0, ,%null%,0,%null%,0,In Aus,0,Australia,0,0
Aus,0,Aus,0,Total,0,0.7917956865,0.7917956865,2008-11-01 00:00:00,November 2008,0,0, ,%null%,0,%null%,0,In Aus,0,Australia,0,0
Aus,0,Aus,0,Total,0,0.7882242319,0.7882242319,2008-12-01 00:00:00,December 2008,0,0, ,%null%,0,%null%,0,In Aus,0,Australia,0,0
Aus,0,Aus,0,Total,0,0.7891167095,0.7891167095,2009-01-01 00:00:00,January 2009,0,0, ,%null%,0,%null%,0,In Aus,0,Australia,0,0
Aus,0,Aus,0,Total,0,0.7952938804,0.7952938804,2009-02-01 00:00:00,February 2009,0,0, ,%null%,0,%null%,0,In Aus,0,Australia,0,0
Aus,0,Aus,0,Total,0,0.8059137647,0.8059137647,2009-03-01 00:00:00,March 2009,0,0, ,%null%,0,%null%,0,In Aus,0,Australia,0,0
Aus,0,Aus,0,Total,0,0.8034574425,0.8034574425,2009-04-01 00:00:00,April 2009,0,0, ,%null%,0,%null%,0,In Aus,0,Australia,0,0
Aus,0,Aus,0,Total,0,0.7973558558,0.7973558558,2009-05-01 00:00:00,May 2009,0,0, ,%null%,0,%null%,0,In Aus,0,Australia,0,0
Aus,0,Aus,0,Total,0,0.7952494591,0.7952494591,2009-06-01 00:00:00,June 2009,0,0, ,%null%,0,%null%,0,In Aus,0,Australia,0,0
Aus,0,Aus,0,Total,0,0.7877844082,0.7877844082,2009-07-01 00:00:00,July 2009,0,0, ,%null%,0,%null%,0,In Aus,0,Australia,0,0
Aus,0,Aus,0,Total,0,0.7859928323,0.7859928323,2009-08-01 00:00:00,August 2009,0,0, ,%null%,0,%null%,0,In Aus,0,Australia,0,0
Aus,0,Aus,0,Total,0,0.7894731682,0.7894731682,2009-09-01 00:00:00,September 2009,0,0, ,%null%,0,%null%,0,In Aus,0,Australia,0,0
Aus,0,Aus,0,Total,0,0.7996590085,0.7996590085,2009-10-01 00:00:00,October 2009,0,0, ,%null%,0,%null%,0,In Aus,0,Australia,0,0
Aus,0,Aus,0,Total,0,0.7966928623,0.7966928623,2009-11-01 00:00:00,November 2009,0,0, ,%null%,0,%null%,0,In Aus,0,Australia,0,0
Aus,0,Aus,0,Total,0,0.7941501141,0.7941501141,2009-12-01 00:00:00,December 2009,0,0, ,%null%,0,%null%,0,In Aus,0,Australia,0,0
Aus,0,Aus,0,Total,0,0.793870829,0.793870829,2010-01-01 00:00:00,January 2010,0,0, ,%null%,0,%null%,0,In Aus,0,Australia,0,0
Aus,0,Aus,0,Total,0,0.7976875699,0.7976875699,2010-02-01 00:00:00,February 2010,0,0, ,%null%,0,%null%,0,In Aus,0,Australia,0,0
Aus,0,Aus,0,Total,0,0.805271628,0.805271628,2010-03-01 00:00:00,March 2010,0,0, ,%null%,0,%null%,0,In Aus,0,Australia,0,0
Aus,0,Aus,0,Total,0,0.8081529631,0.8081529631,2010-04-01 00:00:00,April 2010,0,0, ,%null%,0,%null%,0,In Aus,0,Australia,0,0
Aus,0,Aus,0,Total,0,0.8017333487,0.8017333487,2010-05-01 00:00:00,May 2010,0,0, ,%null%,0,%null%,0,In Aus,0,Australia,0,0
Aus,0,Aus,0,Total,0,0.8007055628,0.8007055628,2010-06-01 00:00:00,June 2010,0,0, ,%null%,0,%null%,0,In Aus,0,Australia,0,0
Aus,0,Aus,0,Total,0,0.7972476463,0.7972476463,2010-07-01 00:00:00,July 2010,0,0, ,%null%,0,%null%,0,In Aus,0,Australia,0,0
Aus,0,Aus,0,Total,0,0.7960873453,0.7960873453,2010-08-01 00:00:00,August 2010,0,0, ,%null%,0,%null%,0,In Aus,0,Australia,0,0
Aus,0,Aus,0,Total,0,0.7967606908,0.7967606908,2010-09-01 00:00:00,September 2010,0,0, ,%null%,0,%null%,0,In Aus,0,Australia,0,0
Aus,0,Aus,0,Total,0,0.7979858494,0.7979858494,2010-10-01 00:00:00,October 2010,0,0, ,%null%,0,%null%,0,In Aus,0,Australia,0,0
Aus,0,Aus,0,Total,0,0.7980767792,0.7980767792,2010-11-01 00:00:00,November 2010,0,0, ,%null%,0,%null%,0,In Aus,0,Australia,0,0
Aus,0,Aus,0,Total,0,0.7990161127,0.7990161127,2010-12-01 00:00:00,December 2010,0,0, ,%null%,0,%null%,0,In Aus,0,Australia,0,0
Aus,0,Aus,0,Total,0,0.7991566992,0.7991566992,2011-01-01 00:00:00,January 2011,0,0, ,%null%,0,%null%,0,In Aus,0,Australia,0,0
Aus,0,Aus,0,Total,0,0.8022789206,0.8022789206,2011-02-01 00:00:00,February 2011,0,0, ,%null%,0,%null%,0,In Aus,0,Australia,0,0
Aus,0,Aus,0,Total,0,0.8104527513,0.8104527513,2011-03-01 00:00:00,March 2011,0,0, ,%null%,0,%null%,0,In Aus,0,Australia,0,0
Aus,0,Aus,0,Total,0,0.8136704648,0.8136704648,2011-04-01 00:00:00,April 2011,0,0, ,%null%,0,%null%,0,In Aus,0,Australia,0,0
Aus,0,Aus,0,Total,0,0.809607663,0.809607663,2011-05-01 00:00:00,May 2011,0,0, ,%null%,0,%null%,0,In Aus,0,Australia,0,0
Aus,0,Aus,0,Total,0,0.8097078969,0.8097078969,2011-06-01 00:00:00,June 2011,0,0, ,%null%,0,%null%,0,In Aus,0,Australia,0,0
Aus,0,Aus,0,Total,0,0.8070389454,0.8070389454,2011-07-01 00:00:00,July 2011,0,0, ,%null%,0,%null%,0,In Aus,0,Australia,0,0
Aus,0,Aus,0,Total,0,0.8069640272,0.8069640272,2011-08-01 00:00:00,August 2011,0,0, ,%null%,0,%null%,0,In Aus,0,Australia,0,0
Aus,0,Aus,0,Total,0,0.8084601937,0.8084601937,2011-09-01 00:00:00,September 2011,0,0, ,%null%,0,%null%,0,In Aus,0,Australia,0,0
Aus,0,Aus,0,Total,0,0.8100066565,0.8100066565,2011-10-01 00:00:00,October 2011,0,0, ,%null%,0,%null%,0,In Aus,0,Australia,0,0
Aus,0,Aus,0,Total,0,0.8089101471,0.8089101471,2011-11-01 00:00:00,November 2011,0,0, ,%null%,0,%null%,0,In Aus,0,Australia,0,0
Aus,0,Aus,0,Total,0,0.8098293407,0.8098293407,2011-12-01 00:00:00,December 2011,0,0, ,%null%,0,%null%,0,In Aus,0,Australia,0,0
Aus,0,Aus,0,Total,0,0.8090867192,0.8090867192,2012-01-01 00:00:00,January 2012,0,0, ,%null%,0,%null%,0,In Aus,0,Australia,0,0
Aus,0,Aus,0,Total,0,0.8129854214,0.8129854214,2012-02-01 00:00:00,February 2012,0,0, ,%null%,0,%null%,0,In Aus,0,Australia,0,0
Aus,0,Aus,0,Total,0,0.8234077653,0.8234077653,2012-03-01 00:00:00,March 2012,0,0, ,%null%,0,%null%,0,In Aus,0,Australia,0,0
Aus,0,Aus,0,Total,0,0.822772985,0.822772985,2012-04-01 00:00:00,April 2012,0,0, ,%null%,0,%null%,0,In Aus,0,Australia,0,0
Aus,0,Aus,0,Total,0,0.8207852535,0.8207852535,2012-05-01 00:00:00,May 2012,0,0, ,%null%,0,%null%,0,In Aus,0,Australia,0,0
Aus,0,Aus,0,Total,0,0.8208321039,0.8208321039,2012-06-01 00:00:00,June 2012,0,0, ,%null%,0,%null%,0,In Aus,0,Australia,0,0
Aus,0,Aus,0,Total,0,0.8157342967,0.8157342967,2012-07-01 00:00:00,July 2012,0,0, ,%null%,0,%null%,0,In Aus,0,Australia,0,0
Aus,0,Aus,0,Total,0,0.8173613509,0.8173613509,2012-08-01 00:00:00,August 2012,0,0, ,%null%,0,%null%,0,In Aus,0,Australia,0,0
Aus,0,Aus,0,Total,0,0.8210857519,0.8210857519,2012-09-01 00:00:00,September 2012,0,0, ,%null%,0,%null%,0,In Aus,0,Australia,0,0
Aus,0,Aus,0,Total,0,0.8196853789,0.8196853789,2012-10-01 00:00:00,October 2012,0,0, ,%null%,0,%null%,0,In Aus,0,Australia,0,0
Aus,0,Aus,0,Total,0,0.8214843424,0.8214843424,2012-11-01 00:00:00,November 2012,0,0, ,%null%,0,%null%,0,In Aus,0,Australia,0,0
Aus,0,Aus,0,Total,0,0.8211788315,0.8211788315,2012-12-01 00:00:00,December 2012,0,0, ,%null%,0,%null%,0,In Aus,0,Australia,0,0
Aus,0,Aus,0,Total,0,0.8211737777,0.8211737777,2013-01-01 00:00:00,January 2013,0,0, ,%null%,0,%null%,0,In Aus,0,Australia,0,0
Aus,0,Aus,0,Total,0,0.824459974,0.824459974,2013-02-01 00:00:00,February 2013,0,0, ,%null%,0,%null%,0,In Aus,0,Australia,0,0
Aus,0,Aus,0,Total,0,0.8367323464,0.8367323464,2013-03-01 00:00:00,March 2013,0,0, ,%null%,0,%null%,0,In Aus,0,Australia,0,0
Aus,0,Aus,0,Total,0,0.833516549,0.833516549,2013-04-01 00:00:00,April 2013,0,0, ,%null%,0,%null%,0,In Aus,0,Australia,0,0
Aus,0,Aus,0,Total,0,0.8296524117,0.8296524117,2013-05-01 00:00:00,May 2013,0,0, ,%null%,0,%null%,0,In Aus,0,Australia,0,0
Aus,0,Aus,0,Total,0,0.8305738731,0.8305738731,2013-06-01 00:00:00,June 2013,0,0, ,%null%,0,%null%,0,In Aus,0,Australia,0,0
Aus,0,Aus,0,Total,0,0.8279819407,0.8279819407,2013-07-01 00:00:00,July 2013,0,0, ,%null%,0,%null%,0,In Aus,0,Australia,0,0
Aus,0,Aus,0,Total,0,0.8285118446,0.8285118446,2013-08-01 00:00:00,August 2013,0,0, ,%null%,0,%null%,0,In Aus,0,Australia,0,0
Aus,0,Aus,0,Total,0,0.8306213024,0.8306213024,2013-09-01 00:00:00,September 2013,0,0, ,%null%,0,%null%,0,In Aus,0,Australia,0,0
Aus,0,Aus,0,Total,0,0.8305986934,0.8305986934,2013-10-01 00:00:00,October 2013,0,0, ,%null%,0,%null%,0,In Aus,0,Australia,0,0
Aus,0,Aus,0,Total,0,0.8327763776,0.8327763776,2013-11-01 00:00:00,November 2013,0,0, ,%null%,0,%null%,0,In Aus,0,Australia,0,0
Aus,0,Aus,0,Total,0,0.8316826853,0.8316826853,2013-12-01 00:00:00,December 2013,0,0, ,%null%,0,%null%,0,In Aus,0,Australia,0,0
Aus,0,Aus,0,Total,0,0.8323883481,0.8323883481,2014-01-01 00:00:00,January 2014,0,0, ,%null%,0,%null%,0,In Aus,0,Australia,0,0
Aus,0,Aus,0,Total,0,0.8359697598,0.8359697598,2014-02-01 00:00:00,February 2014,0,0, ,%null%,0,%null%,0,In Aus,0,Australia,0,0
Aus,0,Aus,0,Total,0,0.8478968563,0.8478968563,2014-03-01 00:00:00,March 2014,0,0, ,%null%,0,%null%,0,In Aus,0,Australia,0,0
Aus,0,Aus,0,Total,0,0.8457440394,0.8457440394,2014-04-01 00:00:00,April 2014,0,0, ,%null%,0,%null%,0,In Aus,0,Australia,0,0
Aus,0,Aus,0,Total,0,0.8405962199,0.8405962199,2014-05-01 00:00:00,May 2014,0,0, ,%null%,0,%null%,0,In Aus,0,Australia,0,0
Aus,0,Aus,0,Total,0,0.8410333449,0.8410333449,2014-06-01 00:00:00,June 2014,0,0, ,%null%,0,%null%,0,In Aus,0,Australia,0,0
Aus,0,Aus,0,Total,0,0.8387678048,0.8387678048,2014-07-01 00:00:00,July 2014,0,0, ,%null%,0,"After 1 July 2014, a freeze on indexation to Schedule fees was introduced (known as the Medicare rebate freeze).",0,In Aus,0,Australia,0,0
Aus,0,Aus,0,Total,0,0.8392311241,0.8392311241,2014-08-01 00:00:00,August 2014,0,0, ,%null%,0,%null%,0,In Aus,0,Australia,0,0
Aus,0,Aus,0,Total,0,0.8409232288,0.8409232288,2014-09-01 00:00:00,September 2014,0,0, ,%null%,0,%null%,0,In Aus,0,Australia,0,0
Aus,0,Aus,0,Total,0,0.8418793591,0.8418793591,2014-10-01 00:00:00,October 2014,0,0, ,%null%,0,%null%,0,In Aus,0,Australia,0,0
Aus,0,Aus,0,Total,0,0.842849766,0.842849766,2014-11-01 00:00:00,November 2014,0,0, ,%null%,0,%null%,0,In Aus,0,Australia,0,0
Aus,0,Aus,0,Total,0,0.8404471122,0.8404471122,2014-12-01 00:00:00,December 2014,0,0, ,%null%,0,%null%,0,In Aus,0,Australia,0,0
Aus,0,Aus,0,Total,0,0.8389038392,0.8389038392,2015-01-01 00:00:00,January 2015,0,0, ,%null%,0,%null%,0,In Aus,0,Australia,0,0
Aus,0,Aus,0,Total,0,0.840067573,0.840067573,2015-02-01 00:00:00,February 2015,0,0, ,%null%,0,%null%,0,In Aus,0,Australia,0,0
Aus,0,Aus,0,Total,0,0.8451026555,0.8451026555,2015-03-01 00:00:00,March 2015,0,0, ,%null%,0,%null%,0,In Aus,0,Australia,0,0
Aus,0,Aus,0,Total,0,0.8577497332,0.8577497332,2015-04-01 00:00:00,April 2015,0,0, ,%null%,0,%null%,0,In Aus,0,Australia,0,0
Aus,0,Aus,0,Total,0,0.8522042759,0.8522042759,2015-05-01 00:00:00,May 2015,0,0, ,%null%,0,%null%,0,In Aus,0,Australia,0,0
Aus,0,Aus,0,Total,0,0.8486201191,0.8486201191,2015-06-01 00:00:00,June 2015,0,0, ,%null%,0,%null%,0,In Aus,0,Australia,0,0
Aus,0,Aus,0,Total,0,0.8447174292,0.8447174292,2015-07-01 00:00:00,July 2015,0,0, ,%null%,0,%null%,0,In Aus,0,Australia,0,0
Aus,0,Aus,0,Total,0,0.8459114956,0.8459114956,2015-08-01 00:00:00,August 2015,0,0, ,%null%,0,%null%,0,In Aus,0,Australia,0,0
Aus,0,Aus,0,Total,0,0.8464271404,0.8464271404,2015-09-01 00:00:00,September 2015,0,0, ,%null%,0,%null%,0,In Aus,0,Australia,0,0
Aus,0,Aus,0,Total,0,0.8475941711,0.8475941711,2015-10-01 00:00:00,October 2015,0,0, ,%null%,0,%null%,0,In Aus,0,Australia,0,0
Aus,0,Aus,0,Total,0,0.8489577268,0.8489577268,2015-11-01 00:00:00,November 2015,0,0, ,%null%,0,%null%,0,In Aus,0,Australia,0,0
Aus,0,Aus,0,Total,0,0.8489069763,0.8489069763,2015-12-01 00:00:00,December 2015,0,0, ,%null%,0,%null%,0,In Aus,0,Australia,0,0
Aus,0,Aus,0,Total,0,0.8504119963,0.8504119963,2016-01-01 00:00:00,January 2016,0,0, ,%null%,0,%null%,0,In Aus,0,Australia,0,0
Aus,0,Aus,0,Total,0,0.8503870586,0.8503870586,2016-02-01 00:00:00,February 2016,0,0, ,%null%,0,%null%,0,In Aus,0,Australia,0,0
Aus,0,Aus,0,Total,0,0.8542742762,0.8542742762,2016-03-01 00:00:00,March 2016,0,0, ,%null%,0,%null%,0,In Aus,0,Australia,0,0
Aus,0,Aus,0,Total,0,0.8642699941,0.8642699941,2016-04-01 00:00:00,April 2016,0,0, ,%null%,0,%null%,0,In Aus,0,Australia,0,0
Aus,0,Aus,0,Total,0,0.8585248921,0.8585248921,2016-05-01 00:00:00,May 2016,0,0, ,%null%,0,%null%,0,In Aus,0,Australia,0,0
Aus,0,Aus,0,Total,0,0.8559424371,0.8559424371,2016-06-01 00:00:00,June 2016,0,0, ,%null%,0,%null%,0,In Aus,0,Australia,0,0
Aus,0,Aus,0,Total,0,0.8527687778,0.8527687778,2016-07-01 00:00:00,July 2016,0,0, ,%null%,0,%null%,0,In Aus,0,Australia,0,0
Aus,0,Aus,0,Total,0,0.8524200538,0.8524200538,2016-08-01 00:00:00,August 2016,0,0, ,%null%,0,%null%,0,In Aus,0,Australia,0,0
Aus,0,Aus,0,Total,0,0.8530185817,0.8530185817,2016-09-01 00:00:00,September 2016,0,0, ,%null%,0,%null%,0,In Aus,0,Australia,0,0
Aus,0,Aus,0,Total,0,0.853438604,0.853438604,2016-10-01 00:00:00,October 2016,0,0, ,%null%,0,%null%,0,In Aus,0,Australia,0,0
Aus,0,Aus,0,Total,0,0.8535859974,0.8535859974,2016-11-01 00:00:00,November 2016,0,0, ,%null%,0,%null%,0,In Aus,0,Australia,0,0
Aus,0,Aus,0,Total,0,0.8515702984,0.8515702984,2016-12-01 00:00:00,December 2016,0,0, ,%null%,0,%null%,0,In Aus,0,Australia,0,0
Aus,0,Aus,0,Total,0,0.8516161276,0.8516161276,2017-01-01 00:00:00,January 2017,0,0, ,%null%,0,%null%,0,In Aus,0,Australia,0,0
Aus,0,Aus,0,Total,0,0.8548147945,0.8548147945,2017-02-01 00:00:00,February 2017,0,0, ,%null%,0,%null%,0,In Aus,0,Australia,0,0
Aus,0,Aus,0,Total,0,0.8573602743,0.8573602743,2017-03-01 00:00:00,March 2017,0,0, ,%null%,0,%null%,0,In Aus,0,Australia,0,0
Aus,0,Aus,0,Total,0,0.8702708308,0.8702708308,2017-04-01 00:00:00,April 2017,0,0, ,%null%,0,%null%,0,In Aus,0,Australia,0,0
Aus,0,Aus,0,Total,0,0.8621421836,0.8621421836,2017-05-01 00:00:00,May 2017,0,0, ,%null%,0,%null%,0,In Aus,0,Australia,0,0
Aus,0,Aus,0,Total,0,0.8596116283,0.8596116283,2017-06-01 00:00:00,June 2017,0,0, ,%null%,0,%null%,0,In Aus,0,Australia,0,0
Aus,0,Aus,0,Total,0,0.858736542,0.858736542,2017-07-01 00:00:00,July 2017,0,0, ,%null%,0,"From 1 July 2017, re-introduction of indexation of Schedule fees in a phased lifting approach commenced. However, indexation did not extend to all Medicare items.",0,In Aus,0,Australia,0,0
Aus,0,Aus,0,Total,0,0.8573886163,0.8573886163,2017-08-01 00:00:00,August 2017,0,0, ,%null%,0,%null%,0,In Aus,0,Australia,0,0
Aus,0,Aus,0,Total,0,0.8573248046,0.8573248046,2017-09-01 00:00:00,September 2017,0,0, ,%null%,0,%null%,0,In Aus,0,Australia,0,0
Aus,0,Aus,0,Total,0,0.8569437383,0.8569437383,2017-10-01 00:00:00,October 2017,0,0, ,%null%,0,%null%,0,In Aus,0,Australia,0,0
Aus,0,Aus,0,Total,0,0.857657006,0.857657006,2017-11-01 00:00:00,November 2017,0,0, ,%null%,0,%null%,0,In Aus,0,Australia,0,0
Aus,0,Aus,0,Total,0,0.8558199132,0.8558199132,2017-12-01 00:00:00,December 2017,0,0, ,%null%,0,%null%,0,In Aus,0,Australia,0,0
Aus,0,Aus,0,Total,0,0.855581728,0.855581728,2018-01-01 00:00:00,January 2018,0,0, ,%null%,0,%null%,0,In Aus,0,Australia,0,0
Aus,0,Aus,0,Total,0,0.8583943142,0.8583943142,2018-02-01 00:00:00,February 2018,0,0, ,%null%,0,%null%,0,In Aus,0,Australia,0,0
Aus,0,Aus,0,Total,0,0.8611300478,0.8611300478,2018-03-01 00:00:00,March 2018,0,0, ,%null%,0,%null%,0,In Aus,0,Australia,0,0
Aus,0,Aus,0,Total,0,0.8675347271,0.8675347271,2018-04-01 00:00:00,April 2018,0,0, ,%null%,0,%null%,0,In Aus,0,Australia,0,0
Aus,0,Aus,0,Total,0,0.8725809306,0.8725809306,2018-05-01 00:00:00,May 2018,0,0, ,%null%,0,%null%,0,In Aus,0,Australia,0,0
Aus,0,Aus,0,Total,0,0.8647195253,0.8647195253,2018-06-01 00:00:00,June 2018,0,0, ,%null%,0,%null%,0,In Aus,0,Australia,0,0
Aus,0,Aus,0,Total,0,0.8614031929,0.8614031929,2018-07-01 00:00:00,July 2018,0,0, ,%null%,0,%null%,0,In Aus,0,Australia,0,0
Aus,0,Aus,0,Total,0,0.8594659843,0.8594659843,2018-08-01 00:00:00,August 2018,0,0, ,%null%,0,%null%,0,In Aus,0,Australia,0,0
Aus,0,Aus,0,Total,0,0.8618115296,0.8618115296,2018-09-01 00:00:00,September 2018,0,0, ,%null%,0,%null%,0,In Aus,0,Australia,0,0
Aus,0,Aus,0,Total,0,0.8584819184,0.8584819184,2018-10-01 00:00:00,October 2018,0,0, ,%null%,0,%null%,0,In Aus,0,Australia,0,0
Aus,0,Aus,0,Total,0,0.8588622426,0.8588622426,2018-11-01 00:00:00,November 2018,0,0, ,%null%,0,%null%,0,In Aus,0,Australia,0,0
Aus,0,Aus,0,Total,0,0.8570168738,0.8570168738,2018-12-01 00:00:00,December 2018,0,0, ,%null%,0,%null%,0,In Aus,0,Australia,0,0
Aus,0,Aus,0,Total,0,0.8573398705,0.8573398705,2019-01-01 00:00:00,January 2019,0,0, ,%null%,0,%null%,0,In Aus,0,Australia,0,0
Aus,0,Aus,0,Total,0,0.8589994117,0.8589994117,2019-02-01 00:00:00,February 2019,0,0, ,%null%,0,%null%,0,In Aus,0,Australia,0,0
Aus,0,Aus,0,Total,0,0.8610473671,0.8610473671,2019-03-01 00:00:00,March 2019,0,0, ,%null%,0,%null%,0,In Aus,0,Australia,0,0
Aus,0,Aus,0,Total,0,0.8691571821,0.8691571821,2019-04-01 00:00:00,April 2019,0,0, ,%null%,0,%null%,0,In Aus,0,Australia,0,0
Aus,0,Aus,0,Total,0,0.8746608891,0.8746608891,2019-05-01 00:00:00,May 2019,0,0, ,%null%,0,%null%,0,In Aus,0,Australia,0,0
Aus,0,Aus,0,Total,0,0.8677408203,0.8677408203,2019-06-01 00:00:00,June 2019,0,0, ,%null%,0,%null%,0,In Aus,0,Australia,0,0
Aus,0,Aus,0,Total,0,0.8592239252,0.8592239252,2019-07-01 00:00:00,July 2019,0,0, ,%null%,0,%null%,0,In Aus,0,Australia,0,0
Aus,0,Aus,0,Total,0,0.8566165973,0.8566165973,2019-08-01 00:00:00,August 2019,0,0, ,%null%,0,%null%,0,In Aus,0,Australia,0,0
Aus,0,Aus,0,Total,0,0.8567457483,0.8567457483,2019-09-01 00:00:00,September 2019,0,0, ,%null%,0,%null%,0,In Aus,0,Australia,0,0
Aus,0,Aus,0,Total,0,0.8541843461,0.8541843461,2019-10-01 00:00:00,October 2019,0,0, ,%null%,0,%null%,0,In Aus,0,Australia,0,0
Aus,0,Aus,0,Total,0,0.8547628757,0.8547628757,2019-11-01 00:00:00,November 2019,0,0, ,%null%,0,%null%,0,In Aus,0,Australia,0,0
Aus,0,Aus,0,Total,0,0.8523325802,0.8523325802,2019-12-01 00:00:00,December 2019,0,0, ,%null%,0,%null%,0,In Aus,0,Australia,0,0
Aus,0,Aus,0,Total,0,0.8517098103,0.8517098103,2020-01-01 00:00:00,January 2020,0,0, ,%null%,0,%null%,0,In Aus,0,Australia,0,0
Aus,0,Aus,0,Total,0,0.8521670664,0.8521670664,2020-02-01 00:00:00,February 2020,0,0, ,%null%,0,%null%,0,In Aus,0,Australia,0,0
Aus,0,Aus,0,Total,0,0.8758688708,0.8758688708,2020-03-01 00:00:00,March 2020,0,0, ,%null%,0,"From 13 March 2020, new telehealth items were introduced to protect patients and doctors during the COVID-19 pandemic. There was a temporary doubling of Schedule fees for all bulk billing incentive items between 30 March and 30 September. This included 2 temporary GP and other medical practitioner bulk billing incentive items for patients who are vulnerable to COVID-19, introduced on 20 April and ended on 30 September.",0,In Aus,0,Australia,0,0
Aus,0,Aus,0,Total,0,0.9438460361,0.9438460361,2020-04-01 00:00:00,April 2020,0,0, ,%null%,0,"From 13 March 2020, new telehealth items were introduced to protect patients and doctors during the COVID-19 pandemic. There was a temporary doubling of Schedule fees for all bulk billing incentive items between 30 March and 30 September. This included 2 temporary GP and other medical practitioner bulk billing incentive items for patients who are vulnerable to COVID-19, introduced on 20 April and ended on 30 September.",0,In Aus,0,Australia,0,0
Aus,0,Aus,0,Total,0,0.9237530594,0.9237530594,2020-05-01 00:00:00,May 2020,0,0, ,%null%,0,"From 13 March 2020, new telehealth items were introduced to protect patients and doctors during the COVID-19 pandemic. There was a temporary doubling of Schedule fees for all bulk billing incentive items between 30 March and 30 September. This included 2 temporary GP and other medical practitioner bulk billing incentive items for patients who are vulnerable to COVID-19, introduced on 20 April and ended on 30 September.",0,In Aus,0,Australia,0,0
Aus,0,Aus,0,Total,0,0.9092273299,0.9092273299,2020-06-01 00:00:00,June 2020,0,0, ,%null%,0,"From 13 March 2020, new telehealth items were introduced to protect patients and doctors during the COVID-19 pandemic. There was a temporary doubling of Schedule fees for all bulk billing incentive items between 30 March and 30 September. This included 2 temporary GP and other medical practitioner bulk billing incentive items for patients who are vulnerable to COVID-19, introduced on 20 April and ended on 30 September.",0,In Aus,0,Australia,0,0
Aus,0,Aus,0,Total,0,0.905327705,0.905327705,2020-07-01 00:00:00,July 2020,0,0, ,%null%,0,"From 13 March 2020, new telehealth items were introduced to protect patients and doctors during the COVID-19 pandemic. There was a temporary doubling of Schedule fees for all bulk billing incentive items between 30 March and 30 September. This included 2 temporary GP and other medical practitioner bulk billing incentive items for patients who are vulnerable to COVID-19, introduced on 20 April and ended on 30 September.",0,In Aus,0,Australia,0,0
Aus,0,Aus,0,Total,0,0.9066854799,0.9066854799,2020-08-01 00:00:00,August 2020,0,0, ,%null%,0,"From 13 March 2020, new telehealth items were introduced to protect patients and doctors during the COVID-19 pandemic. There was a temporary doubling of Schedule fees for all bulk billing incentive items between 30 March and 30 September. This included 2 temporary GP and other medical practitioner bulk billing incentive items for patients who are vulnerable to COVID-19, introduced on 20 April and ended on 30 September.",0,In Aus,0,Australia,0,0
Aus,0,Aus,0,Total,0,0.9004604937,0.9004604937,2020-09-01 00:00:00,September 2020,0,0, ,%null%,0,"From 13 March 2020, new telehealth items were introduced to protect patients and doctors during the COVID-19 pandemic. There was a temporary doubling of Schedule fees for all bulk billing incentive items between 30 March and 30 September. This included 2 temporary GP and other medical practitioner bulk billing incentive items for patients who are vulnerable to COVID-19, introduced on 20 April and ended on 30 September.",0,In Aus,0,Australia,0,0
Aus,0,Aus,0,Total,0,0.8834254907,0.8834254907,2020-10-01 00:00:00,October 2020,0,0, ,%null%,0,%null%,0,In Aus,0,Australia,0,0
Aus,0,Aus,0,Total,0,0.879466108,0.879466108,2020-11-01 00:00:00,November 2020,0,0, ,%null%,0,%null%,0,In Aus,0,Australia,0,0
Aus,0,Aus,0,Total,0,0.8781767053,0.8781767053,2020-12-01 00:00:00,December 2020,0,0, ,%null%,0,%null%,0,In Aus,0,Australia,0,0
Aus,0,Aus,0,Total,0,0.8776627821,0.8776627821,2021-01-01 00:00:00,January 2021,0,0, ,%null%,0,%null%,0,In Aus,0,Australia,0,0
Aus,0,Aus,0,Total,0,0.8745749448,0.8745749448,2021-02-01 00:00:00,February 2021,0,0, ,%null%,0,"On 26 February 2021 GP attendance items were introduced for assessing a patient's suitability for a COVID-19 vaccine. It is a requirement that these items are bulk billed. In addition, bulk billing incentives are not payable for these items.",0,In Aus,0,Australia,0,0
Aus,0,Aus,0,Total,0,0.8760000251,0.8760000251,2021-03-01 00:00:00,March 2021,0,0, ,%null%,0,%null%,0,In Aus,0,Australia,0,0
Aus,0,Aus,0,Total,0,0.8894056494,0.8894056494,2021-04-01 00:00:00,April 2021,0,0, ,%null%,0,%null%,0,In Aus,0,Australia,0,0
Aus,0,Aus,0,Total,0,0.8886098634,0.8886098634,2021-05-01 00:00:00,May 2021,0,0, ,%null%,0,%null%,0,In Aus,0,Australia,0,0
Aus,0,Aus,0,Total,0,0.8877611811,0.8877611811,2021-06-01 00:00:00,June 2021,0,0, ,%null%,0,%null%,0,In Aus,0,Australia,0,0
Aus,0,Aus,0,Total,0,0.8901635541,0.8901635541,2021-07-01 00:00:00,July 2021,0,0, ,%null%,0,%null%,0,In Aus,0,Australia,0,0
Aus,0,Aus,0,Total,0,0.899652296,0.899652296,2021-08-01 00:00:00,August 2021,0,0, ,%null%,0,%null%,0,In Aus,0,Australia,0,0
Aus,0,Aus,0,Total,0,0.8998281571,0.8998281571,2021-09-01 00:00:00,September 2021,0,0, ,%null%,0,%null%,0,In Aus,0,Australia,0,0
Aus,0,Aus,0,Total,0,0.8952478589,0.8952478589,2021-10-01 00:00:00,October 2021,0,0, ,%null%,0,%null%,0,In Aus,0,Australia,0,0
Aus,0,Aus,0,Total,0,0.8756263817,0.8756263817,2021-11-01 00:00:00,November 2021,0,0, ,%null%,0,%null%,0,In Aus,0,Australia,0,0
Aus,0,Aus,0,Total,0,0.8770961333,0.8770961333,2021-12-01 00:00:00,December 2021,0,0, ,%null%,0,%null%,0,In Aus,0,Australia,0,0
Aus,0,Aus,0,Total,0,0.8953381315,0.8953381315,2022-01-01 00:00:00,January 2022,0,0, ,%null%,0,%null%,0,In Aus,0,Australia,0,0
Aus,0,Aus,0,Total,0,0.8773167549,0.8773167549,2022-02-01 00:00:00,February 2022,0,0, ,%null%,0,%null%,0,In Aus,0,Australia,0,0
Aus,0,Aus,0,Total,0,0.8680978556,0.8680978556,2022-03-01 00:00:00,March 2022,0,0, ,%null%,0,%null%,0,In Aus,0,Australia,0,0
Aus,0,Aus,0,Total,0,0.8736456113,0.8736456113,2022-04-01 00:00:00,April 2022,0,0, ,%null%,0,%null%,0,In Aus,0,Australia,0,0
Aus,0,Aus,0,Total,0,0.8725325453,0.8725325453,2022-05-01 00:00:00,May 2022,0,0, ,%null%,0,%null%,0,In Aus,0,Australia,0,0
Aus,0,Aus,0,Total,0,0.8629184344,0.8629184344,2022-06-01 00:00:00,June 2022,0,0, ,%null%,0,%null%,0,In Aus,0,Australia,0,0
Aus,0,Aus,0,Total,0,0.8488415029,0.8488415029,2022-07-01 00:00:00,July 2022,0,0, ,%null%,0,%null%,0,In Aus,0,Australia,0,0
Aus,0,Aus,0,Total,0,0.8311699928,0.8311699928,2022-08-01 00:00:00,August 2022,0,0, ,%null%,0,%null%,0,In Aus,0,Australia,0,0
Aus,0,Aus,0,Total,0,0.8203890362,0.8203890362,2022-09-01 00:00:00,September 2022,0,0, ,%null%,0,%null%,0,In Aus,0,Australia,0,0
Aus,0,Aus,0,Total,0,0.8071372204,0.8071372204,2022-10-01 00:00:00,October 2022,0,0, ,%null%,0,%null%,0,In Aus,0,Australia,0,0
Aus,0,Aus,0,Total,0,0.8033125966,0.8033125966,2022-11-01 00:00:00,November 2022,0,0, ,%null%,0,%null%,0,In Aus,0,Australia,0,0
Aus,0,Aus,0,Total,0,0.7980534258,0.7980534258,2022-12-01 00:00:00,December 2022,0,0, ,%null%,0,%null%,0,In Aus,0,Australia,0,0
Aus,0,Aus,0,Total,0,0.7817111783,0.7817111783,2023-01-01 00:00:00,January 2023,0,0, ,%null%,0,%null%,0,In Aus,0,Australia,0,0
Aus,0,Aus,0,Total,0,0.7798359202,0.7798359202,2023-02-01 00:00:00,February 2023,0,0, ,%null%,0,%null%,0,In Aus,0,Australia,0,0
Aus,0,Aus,0,Total,0,0.7817175733,0.7817175733,2023-03-01 00:00:00,March 2023,0,0, ,%null%,0,%null%,0,In Aus,0,Australia,0,0
Aus,0,Aus,0,Total,0,0.7969325211,0.7969325211,2023-04-01 00:00:00,April 2023,0,0, ,%null%,0,%null%,0,In Aus,0,Australia,0,0
Aus,0,Aus,0,Total,0,0.7905578964,0.7905578964,2023-05-01 00:00:00,May 2023,0,0, ,%null%,0,%null%,0,In Aus,0,Australia,0,0
Aus,0,Aus,0,Total,0,0.7776978909,0.7776978909,2023-06-01 00:00:00,June 2023,0,0, ,%null%,0,%null%,0,In Aus,0,Australia,0,0
Aus,0,Aus,0,Total,0,0.7667544243,0.7667544243,2023-07-01 00:00:00,July 2023,0,0, ,%null%,0,%null%,0,In Aus,0,Australia,0,0
Aus,0,Aus,0,Total,0,0.7640035595,0.7640035595,2023-08-01 00:00:00,August 2023,0,0, ,%null%,0,%null%,0,In Aus,0,Australia,0,0
Aus,0,Aus,0,Total,0,0.7632041065,0.7632041065,2023-09-01 00:00:00,September 2023,0,0, ,%null%,0,%null%,0,In Aus,0,Australia,0,0
Aus,0,Aus,0,Total,0,0.7527148152,0.7527148152,2023-10-01 00:00:00,October 2023,0,0, ,%null%,0,%null%,0,In Aus,0,Australia,0,0
Aus,0,Aus,0,Total,0,0.7690427525,0.7690427525,2023-11-01 00:00:00,November 2023,0,0, ,%null%,0,"On 1 November 2023, new bulk billing items with higher incentive payments were introduced for certain types of GP consultations outside of hospital, for children under 16 and concessional patients. These payments are triple the amount of existing standard bulk billing incentive payments. In addition, the standard bulk billing incentive payments continue to be available for the remaining types of GP consultations.",0,In Aus,0,Australia,0,0
Aus,0,Aus,0,Total,0,0.7726212587,0.7726212587,2023-12-01 00:00:00,December 2023,0,0, ,%null%,0,%null%,0,In Aus,0,Australia,0,0
Aus,0,Aus,0,Total,0,0.7687280206,0.7687280206,2024-01-01 00:00:00,January 2024,0,0, ,%null%,0,%null%,0,In Aus,0,Australia,0,0
Aus,0,Aus,0,Total,0,0.7716757829,0.7716757829,2024-02-01 00:00:00,February 2024,0,0, ,%null%,0,%null%,0,In Aus,0,Australia,0,0
Aus,0,Aus,0,Total,0,0.7759531607,0.7759531607,2024-03-01 00:00:00,March 2024,0,0, ,%null%,0,%null%,0,In Aus,0,Australia,0,0
Aus,0,Aus,0,Total,0,0.7883798586,0.7883798586,2024-04-01 00:00:00,April 2024,0,0, ,%null%,0,%null%,0,In Aus,0,Australia,0,0
Aus,0,Aus,0,Total,0,0.7907643876,0.7907643876,2024-05-01 00:00:00,May 2024,0,0, ,%null%,0,%null%,0,In Aus,0,Australia,0,0
Aus,0,Aus,0,Total,0,0.7835723216,0.7835723216,2024-06-01 00:00:00,June 2024,0,0, ,%null%,0,%null%,0,In Aus,0,Australia,0,0
Aus,0,Aus,0,Total,0,0.7757362334,0.7757362334,2024-07-01 00:00:00,July 2024,0,0, ,%null%,0,%null%,0,In Aus,0,Australia,0,0
Aus,0,Aus,0,Total,0,0.7744595103,0.7744595103,2024-08-01 00:00:00,August 2024,0,0, ,%null%,0,%null%,0,In Aus,0,Australia,0,0
Aus,0,Aus,0,Total,0,0.7756519212,0.7756519212,2024-09-01 00:00:00,September 2024,0,0, ,%null%,0,%null%,0,In Aus,0,Australia,0,0
Aus,0,Aus,0,Total,0,0.7724844534,0.7724844534,2024-10-01 00:00:00,October 2024,0,0, ,%null%,0,%null%,0,In Aus,0,Australia,0,0
Aus,0,Aus,0,Total,0,0.7725762239,0.7725762239,2024-11-01 00:00:00,November 2024,0,0, ,%null%,0,%null%,0,In Aus,0,Australia,0,0
Aus,0,Aus,0,Total,0,0.7739497771,0.7739497771,2024-12-01 00:00:00,December 2024,0,0, ,%null%,0,%null%,0,In Aus,0,Australia,0,0
Aus,0,Aus,0,Total,0,0.7691546888,0.7691546888,2025-01-01 00:00:00,January 2025,0,0, ,%null%,0,%null%,0,In Aus,0,Australia,0,0
Aus,0,Aus,0,Total,0,0.7727319854,0.7727319854,2025-02-01 00:00:00,February 2025,0,0, ,%null%,0,%null%,0,In Aus,0,Australia,0,0
Aus,0,Aus,0,Total,0,0.7773932869,0.7773932869,2025-03-01 00:00:00,March 2025,0,0, ,%null%,0,%null%,0,In Aus,0,Australia,0,0
Aus,0,Aus,0,Total,0,0.7954270455,0.7954270455,2025-04-01 00:00:00,April 2025,0,0, ,%null%,0,%null%,0,In Aus,0,Australia,0,0
Aus,0,Aus,0,Total,0,0.7932088334,0.7932088334,2025-05-01 00:00:00,May 2025,0,0, ,%null%,0,%null%,0,In Aus,0,Australia,0,0
Aus,0,Aus,0,Total,0,0.7882930441,0.7882930441,2025-06-01 00:00:00,June 2025,0,0, ,%null%,0,%null%,0,In Aus,0,Australia,0,0
Aus,0,Aus,0,Total,0,0.7738296746,0.7738296746,2025-07-01 00:00:00,July 2025,0,0, ,%null%,0,"On 1 July 2025, COVID-19 vaccine support items were removed from the MBS. These were items claimed by GPs to assess a patient's suitability for the COVID-19 vaccine, and were removed to bring the MBS treatment of COVID-19 vaccines in line with other vaccines. GPs will be able to use general attendance items when providing COVID-19 vaccine support services.",0,In Aus,0,Australia,0,0
Aus,0,Aus,0,Total,0,0.7746597825,0.7746597825,2025-08-01 00:00:00,August 2025,0,0, ,%null%,0,%null%,0,In Aus,0,Australia,0,0
Aus,0,Aus,0,Total,0,0.776603198,0.776603198,2025-09-01 00:00:00,September 2025,0,0, ,%null%,0,%null%,0,In Aus,0,Australia,0,0
Aus,0,Aus,0,Total,0,0.7777666015,0.7777666015,2025-10-01 00:00:00,October 2025,0,0, ,%null%,0,%null%,0,In Aus,0,Australia,0,0
Aus,0,Aus,0,Total,0,0.8119087039,0.8119087039,2025-11-01 00:00:00,November 2025,0,0, ,%null%,0,"On 1 November 2025, bulk billing incentives, previously only eligible for patients under 16 years of age or who were a Commonwealth concession cardholder, were expanded to all Medicare-eligible patients when bulk billed.",0,In Aus,0,Australia,0,0
Aus,0,Aus,0,Total,0,0.8158334801,0.8158334801,2025-12-01 00:00:00,December 2025,0,0, ,%null%,0,%null%,0,In Aus,0,Australia,0,0
Aus,0,Aus,0,Total,0,0.8139003653,0.8139003653,2026-01-01 00:00:00,January 2026,0,0, ,%null%,0,%null%,0,In Aus,0,Australia,0,0
Aus,0,Aus,0,Total,0,0.8182048589,0.8182048589,2026-02-01 00:00:00,February 2026,0,0, ,%null%,0,%null%,0,In Aus,0,Australia,0,0
Aus,0,Aus,0,Total,0,0.8261975733,0.8261975733,2026-03-01 00:00:00,March 2026,0,0, ,%null%,0,%null%,0,In Aus,0,Australia,0,0
